首字母,品牌ID,品牌名,Logo图片本地地址
A,33,奥迪,Logo\33.JPG
A,35,阿斯顿・马丁,Logo\35.JPG
A,117,AC Schnitzer,Logo\117.JPG
A,221,安凯客车,Logo\221.JPG
A,34,阿尔法・罗密欧,Logo\34.JPG
A,276,ALPINA,Logo\276.JPG
A,251,Arash,Logo\251.JPG
A,272,ARCFOX,Logo\272.JPG
A,273,艾康尼克,Logo\273.JPG
B,36,奔驰,Logo\36.JPG
B,14,本田,Logo\14.JPG
B,15,宝马,Logo\15.JPG
B,38,别克,Logo\38.JPG
B,75,比亚迪,Logo\75.JPG
B,120,宝骏,Logo\120.JPG
B,13,标致,Logo\13.JPG
B,40,保时捷,Logo\40.JPG
B,95,奔腾,Logo\95.JPG
B,154,北汽制造,Logo\154.JPG
B,143,北汽威旺,Logo\143.JPG
B,27,北京,Logo\27.JPG
B,203,北汽幻速,Logo\203.JPG
B,208,北汽新能源,Logo\208.JPG
B,173,北汽绅宝,Logo\173.JPG
B,39,宾利,Logo\39.JPG
B,231,宝沃,Logo\231.JPG
B,140,巴博斯,Logo\140.JPG
B,271,比速汽车,Logo\271.JPG
B,37,布加迪,Logo\37.JPG
B,301,北汽道达,Logo\301.JPG
C,76,长安,Logo\76.JPG
C,77,长城,Logo\77.JPG
C,163,长安欧尚,Logo\163.JPG
C,79,昌河,Logo\79.JPG
C,294,长安轻型车,Logo\294.JPG
C,299,长安跨越,Logo\299.JPG
C,196,成功汽车,Logo\196.JPG
C,189,Caterham,Logo\189.JPG
C,264,长江EV,Logo\264.JPG
D,1,大众,Logo\1.JPG
D,32,东风,Logo\32.JPG
D,165,东风风行,Logo\165.JPG
D,259,东风风光,Logo\259.JPG
D,113,东风风神,Logo\113.JPG
D,81,东南,Logo\81.JPG
D,142,东风小康,Logo\142.JPG
D,169,DS,Logo\169.PNG
D,187,东风风度,Logo\187.JPG
D,41,道奇,Logo\41.JPG
D,157,Dacia,Logo\157.JPG
D,198,DMC,Logo\198.JPG
D,92,大发,Logo\92.JPG
F,3,丰田,Logo\3.JPG
F,8,福特,Logo\8.JPG
F,11,菲亚特,Logo\11.JPG
F,42,法拉利,Logo\42.JPG
F,96,福田,Logo\96.JPG
F,197,福汽启腾,Logo\197.JPG
F,141,福迪,Logo\141.JPG
F,282,福田乘用车,Logo\282.JPG
F,248,Faraday Future,Logo\248.JPG
F,132,Fisker,Logo\132.JPG
G,82,广汽传祺,Logo\82.JPG
G,108,广汽吉奥,Logo\108.JPG
G,152,观致,Logo\152.JPG
G,112,GMC,Logo\112.JPG
G,116,光冈,Logo\116.JPG
G,277,GLM,Logo\277.JPG
G,115,Gumpert,Logo\115.JPG
H,181,哈弗,Logo\181.JPG
H,86,海马,Logo\86.JPG
H,150,海格,Logo\150.JPG
H,97,黄海,Logo\97.JPG
H,91,红旗,Logo\91.JPG
H,24,哈飞,Logo\24.JPG
H,260,华泰新能源,Logo\260.JPG
H,164,恒天,Logo\164.JPG
H,245,华凯,Logo\245.JPG
H,220,华颂,Logo\220.JPG
H,87,华泰,Logo\87.JPG
H,267,汉腾汽车,Logo\267.JPG
H,43,悍马,Logo\43.JPG
H,170,Hennessey,Logo\170.GIF
H,237,华利,Logo\237.JPG
H,85,华普,Logo\85.JPG
H,184,华骐,Logo\184.JPG
H,240,霍顿,Logo\240.JPG
I,188,Icona,Logo\188.JPG
J,25,吉利汽车,Logo\25.JPG
J,46,Jeep,Logo\46.JPG
J,84,江淮,Logo\84.JPG
J,44,捷豹,Logo\44.JPG
J,83,金杯,Logo\83.JPG
J,145,金龙,Logo\145.JPG
J,175,金旅,Logo\175.JPG
J,119,江铃,Logo\119.JPG
J,270,江铃集团新能源,Logo\270.JPG
J,151,九龙,Logo\151.JPG
J,210,江铃集团轻汽,Logo\210.JPG
K,47,凯迪拉克,Logo\47.JPG
K,199,卡威,Logo\199.JPG
K,101,开瑞,Logo\101.JPG
K,214,凯翼,Logo\214.JPG
K,9,克莱斯勒,Logo\9.JPG
K,109,KTM,Logo\109.JPG
K,100,科尼赛克,Logo\100.JPG
K,156,卡尔森,Logo\156.JPG
K,139,凯佰赫,Logo\139.JPG
L,52,雷克萨斯,Logo\52.JPG
L,49,路虎,Logo\49.JPG
L,53,铃木,Logo\53.JPG
L,10,雷诺,Logo\10.JPG
L,80,力帆汽车,Logo\80.JPG
L,78,猎豹汽车,Logo\78.JPG
L,51,林肯,Logo\51.JPG
L,54,劳斯莱斯,Logo\54.JPG
L,88,陆风,Logo\88.JPG
L,48,兰博基尼,Logo\48.JPG
L,50,路特斯,Logo\50.JPG
L,124,理念,Logo\124.JPG
L,89,莲花汽车,Logo\89.JPG
L,265,LeSEE,Logo\265.JPG
L,121,蓝旗亚,Logo\121.JPG
L,183,朗世,Logo\183.JPG
L,279,领克,Logo\279.JPG
L,225,领志,Logo\225.JPG
M,58,马自达,Logo\58.JPG
M,20,名爵,Logo\20.JPG
M,57,玛莎拉蒂,Logo\57.JPG
M,56,MINI,Logo\56.JPG
M,129,迈凯伦,Logo\129.JPG
M,168,摩根,Logo\168.JPG
M,55,迈巴赫,Logo\55.JPG
N,130,纳智捷,Logo\130.JPG
N,213,南京金龙,Logo\213.JPG
N,228,nanoFLOWCELL,Logo\228.JPG
N,295,NEVS,Logo\295.JPG
N,136,Noble,Logo\136.JPG
O,60,讴歌,Logo\60.JPG
O,146,欧朗,Logo\146.JPG
O,59,欧宝,Logo\59.JPG
P,61,帕加尼,Logo\61.JPG
P,186,佩奇奥,Logo\186.JPG
Q,62,起亚,Logo\62.JPG
Q,26,奇瑞,Logo\26.JPG
Q,122,启辰,Logo\122.JPG
Q,235,前途,Logo\235.JPG
Q,281,奇点汽车,Logo\281.JPG
R,63,日产,Logo\63.JPG
R,19,荣威,Logo\19.JPG
R,174,如虎,Logo\174.JPG
R,103,瑞麒,Logo\103.JPG
R,239,Rezvani,Logo\239.JPG
R,252,Rimac,Logo\252.JPG
R,193,Rinspeed,Logo\193.JPG
S,68,三菱,Logo\68.JPG
S,67,斯柯达,Logo\67.JPG
S,155,上汽大通,Logo\155.JPG
S,65,斯巴鲁,Logo\65.JPG
S,69,双龙,Logo\69.JPG
S,45,smart,Logo\45.JPG
S,205,赛麟,Logo\205.JPG
S,162,思铭,Logo\162.JPG
S,269,SWM斯威汽车,Logo\269.JPG
S,137,Scion,Logo\137.JPG
S,127,SPIRRA,Logo\127.JPG
S,138,SSC,Logo\138.JPG
S,64,萨博,Logo\64.JPG
S,178,上海,Logo\178.JPG
S,66,世爵,Logo\66.JPG
S,90,双环,Logo\90.JPG
T,133,特斯拉,Logo\133.JPG
T,161,腾势,Logo\161.JPG
T,255,泰克鲁斯・腾风,Logo\255.JPG
V,249,VLF Automotive,Logo\249.JPG
W,70,沃尔沃,Logo\70.GIF
W,114,五菱汽车,Logo\114.JPG
W,283,WEY,Logo\283.JPG
W,167,五十铃,Logo\167.JPG
W,192,潍柴英致,Logo\192.JPG
W,99,威兹曼,Logo\99.JPG
W,102,威麟,Logo\102.JPG
W,284,蔚来,Logo\284.JPG
W,233,W Motors,Logo\233.JPG
W,291,威马汽车,Logo\291.JPG
W,159,沃克斯豪尔,Logo\159.JPG
X,12,现代,Logo\12.JPG
X,71,雪佛兰,Logo\71.JPG
X,72,雪铁龙,Logo\72.JPG
X,98,西雅特,Logo\98.JPG
X,275,小鹏汽车,Logo\275.JPG
Y,73,英菲尼迪,Logo\73.JPG
Y,110,一汽,Logo\110.JPG
Y,263,驭胜,Logo\263.JPG
Y,111,野马汽车,Logo\111.JPG
Y,144,依维柯,Logo\144.JPG
Y,93,永源,Logo\93.JPG
Y,243,游侠,Logo\243.JPG
Y,286,云度,Logo\286.JPG
Z,94,众泰,Logo\94.JPG
Z,22,中华,Logo\22.JPG
Z,74,中兴,Logo\74.JPG
Z,206,知豆,Logo\206.JPG
Z,182,之诺,Logo\182.JPG
Z,153,Zenvo,Logo\153.JPG
Z,290,正道汽车,Logo\290.JPG
