车系ID,品牌ID,车系名,指导价,车系展示图
3170,33,奥迪A3,18.49-28.10万,cxLogo\3170.jpg
692,33,奥迪A4L,29.98-43.00万,cxLogo\692.jpg
18,33,奥迪A6L,40.60-74.60万,cxLogo\18.jpg
2951,33,奥迪Q3,23.42-34.28万,cxLogo\2951.jpg
812,33,奥迪Q5,39.96-52.53万,cxLogo\812.jpg
19,33,奥迪A4,暂无,cxLogo\19.jpg
509,33,奥迪A6,暂无,cxLogo\509.jpg
650,33,奥迪A1,20.48-23.48万,cxLogo\650.jpg
370,33,奥迪A3(进口),36.98-36.98万,cxLogo\370.jpg
4325,33,奥迪A3(进口)新能源,39.98-39.98万,cxLogo\4325.jpg
2730,33,奥迪S3,39.98-39.98万,cxLogo\2730.jpg
471,33,奥迪A4(进口),42.38-46.88万,cxLogo\471.jpg
538,33,奥迪A5,39.80-64.28万,cxLogo\538.jpg
2734,33,奥迪S5,67.88-85.80万,cxLogo\2734.jpg
472,33,奥迪A6(进口),45.98-59.98万,cxLogo\472.jpg
2736,33,奥迪S6,99.98-99.98万,cxLogo\2736.jpg
740,33,奥迪A7,59.80-89.80万,cxLogo\740.jpg
2738,33,奥迪S7,135.80-135.80万,cxLogo\2738.jpg
146,33,奥迪A8,87.98-256.80万,cxLogo\146.jpg
2739,33,奥迪S8,198.80-198.80万,cxLogo\2739.jpg
593,33,奥迪Q5(进口),58.80-61.80万,cxLogo\593.jpg
2841,33,奥迪SQ5,66.80-66.80万,cxLogo\2841.jpg
412,33,奥迪Q7,75.38-104.88万,cxLogo\412.jpg
148,33,奥迪TT,51.98-58.68万,cxLogo\148.jpg
2740,33,奥迪TTS,65.88-69.88万,cxLogo\2740.jpg
511,33,奥迪R8,215.80-253.80万,cxLogo\511.jpg
2415,33,奥迪A2,暂无,cxLogo\2415.jpg
3276,33,奥迪S1,暂无,cxLogo\3276.jpg
926,33,奥迪e-tron,暂无,cxLogo\926.jpg
2732,33,奥迪S4,暂无,cxLogo\2732.jpg
3669,33,Prologue,暂无,cxLogo\3669.jpg
3350,33,allroad,暂无,cxLogo\3350.jpg
2908,33,Crosslane Coupe,暂无,cxLogo\2908.jpg
3287,33,奥迪Q2,暂无,cxLogo\3287.jpg
2264,33,奥迪Q3(进口),暂无,cxLogo\2264.jpg
3479,33,奥迪TT offroad,暂无,cxLogo\3479.jpg
3894,33,e-tron quattro,暂无,cxLogo\3894.jpg
4003,33,h-tron quattro,暂无,cxLogo\4003.jpg
4288,33,奥迪Q8,暂无,cxLogo\4288.jpg
3822,33,奥迪SQ7,暂无,cxLogo\3822.jpg
3210,33,Nanuk,暂无,cxLogo\3210.jpg
2218,33,quattro,暂无,cxLogo\2218.jpg
2832,33,奥迪R18,暂无,cxLogo\2832.jpg
2403,33,奥迪Urban,暂无,cxLogo\2403.jpg
3680,33,奥迪100,暂无,cxLogo\3680.jpg
787,33,奥迪Cross,暂无,cxLogo\787.jpg
2737,33,奥迪RS 6,159.80-159.80万,cxLogo\2737.jpg
2994,33,奥迪RS 7,169.88-189.80万,cxLogo\2994.jpg
2731,33,奥迪RS 3,暂无,cxLogo\2731.jpg
2733,33,奥迪RS 4,暂无,cxLogo\2733.jpg
2735,33,奥迪RS 5,暂无,cxLogo\2735.jpg
2760,33,奥迪RS Q3,暂无,cxLogo\2760.jpg
2741,33,奥迪TT RS,暂无,cxLogo\2741.jpg
923,35,Rapide,298.80-364.50万,cxLogo\923.jpg
884,35,拉共达Taraf,810.00-810.00万,cxLogo\884.jpg
385,35,V8 Vantage,198.80-218.80万,cxLogo\385.jpg
822,35,V12 Vantage,289.80-309.80万,cxLogo\822.jpg
266,35,阿斯顿・马丁DB9,341.80-388.80万,cxLogo\266.jpg
386,35,Vanquish,398.80-537.20万,cxLogo\386.jpg
3891,35,阿斯顿・马丁DB11,236.80-328.80万,cxLogo\3891.jpg
2075,35,Cygnet,暂无,cxLogo\2075.jpg
4159,35,Valkyrie,暂无,cxLogo\4159.jpg
2275,35,Virage,暂无,cxLogo\2275.jpg
3730,35,Vulcan,暂无,cxLogo\3730.jpg
3678,35,阿斯顿・马丁DB10,暂无,cxLogo\3678.jpg
3004,35,阿斯顿・马丁DB5,暂无,cxLogo\3004.jpg
3742,35,阿斯顿・马丁DBX,暂无,cxLogo\3742.jpg
2846,35,V12 Zagato,暂无,cxLogo\2846.jpg
582,35,阿斯顿・马丁DBS,暂无,cxLogo\582.jpg
729,35,阿斯顿・马丁One-77,暂无,cxLogo\729.jpg
2097,117,AC Schnitzer X5,110.00-110.00万,cxLogo\2097.jpg
2148,117,AC Schnitzer 7系,暂无,cxLogo\2148.jpg
2098,117,AC Schnitzer X6,暂无,cxLogo\2098.jpg
2745,221,宝斯通,28.80-35.00万,cxLogo\2745.jpg
3825,34,Giulia,33.08-102.80万,cxLogo\3825.jpg
4196,34,Stelvio,41.80-47.80万,cxLogo\4196.jpg
715,34,MiTo,暂无,cxLogo\715.jpg
1021,34,Giulietta,暂无,cxLogo\1021.jpg
2288,34,ALFA 4C,暂无,cxLogo\2288.jpg
2715,34,Disco Volante,暂无,cxLogo\2715.jpg
3030,34,Gloria,暂无,cxLogo\3030.jpg
399,34,ALFA 147,暂无,cxLogo\399.jpg
179,34,ALFA 156,暂无,cxLogo\179.jpg
778,34,ALFA 159,暂无,cxLogo\778.jpg
781,34,ALFA 8C,暂无,cxLogo\781.jpg
401,34,ALFA GT,暂无,cxLogo\401.jpg
4212,276,ALPINA B4,109.80-109.80万,cxLogo\4212.jpg
4034,251,Arash AF10,暂无,cxLogo\4034.jpg
4109,272,ARCFOX-1,暂无,cxLogo\4109.jpg
4106,272,ARCFOX-7,暂无,cxLogo\4106.jpg
4184,273,艾康尼克七系,暂无,cxLogo\4184.jpg
588,36,奔驰C级,31.28-48.90万,cxLogo\588.jpg
197,36,奔驰E级,42.28-62.98万,cxLogo\197.jpg
3248,36,奔驰GLA,26.98-39.90万,cxLogo\3248.jpg
3862,36,奔驰GLC,39.60-57.90万,cxLogo\3862.jpg
2562,36,奔驰GLK级,暂无,cxLogo\2562.jpg
3823,36,奔驰V级,48.90-64.60万,cxLogo\3823.jpg
2084,36,威霆,29.90-33.90万,cxLogo\2084.jpg
2564,36,凌特,37.60-49.90万,cxLogo\2564.jpg
2034,36,唯雅诺,暂无,cxLogo\2034.jpg
52,36,奔驰A级,23.60-36.00万,cxLogo\52.jpg
398,36,奔驰B级,24.20-36.80万,cxLogo\398.jpg
2966,36,奔驰CLA级,24.70-37.90万,cxLogo\2966.jpg
56,36,奔驰C级(进口),38.28-57.00万,cxLogo\56.jpg
450,36,奔驰E级(进口),55.80-85.30万,cxLogo\450.jpg
365,36,奔驰CLS级,69.80-98.80万,cxLogo\365.jpg
59,36,奔驰S级,93.80-199.80万,cxLogo\59.jpg
4344,36,奔驰S级新能源,175.80-175.80万,cxLogo\4344.jpg
3339,36,奔驰GLC(进口),49.60-63.80万,cxLogo\3339.jpg
3683,36,奔驰GLE,76.80-149.80万,cxLogo\3683.jpg
60,36,奔驰G级,132.90-179.80万,cxLogo\60.jpg
3688,36,奔驰GLS,107.60-159.80万,cxLogo\3688.jpg
469,36,奔驰R级,59.80-78.80万,cxLogo\469.jpg
3278,36,奔驰SLC,55.96-68.80万,cxLogo\3278.jpg
237,36,奔驰SL级,109.80-109.80万,cxLogo\237.jpg
4411,36,Concept A Sedan,暂无,cxLogo\4411.jpg
3918,36,Concept IAA,暂无,cxLogo\3918.jpg
2065,36,奔驰F800,暂无,cxLogo\2065.jpg
3700,36,奔驰F 015,暂无,cxLogo\3700.jpg
4213,36,Generation EQ,暂无,cxLogo\4213.jpg
3079,36,奔驰GLA(进口),暂无,cxLogo\3079.jpg
2950,36,Ener-G-Force,暂无,cxLogo\2950.jpg
3441,36,Coupe SUV,暂无,cxLogo\3441.jpg
2005,36,Sprinter,暂无,cxLogo\2005.jpg
3364,36,奔驰V级(进口),暂无,cxLogo\3364.jpg
192,36,威霆(进口),暂无,cxLogo\192.jpg
2762,36,奔驰CSC级,暂无,cxLogo\2762.jpg
2424,36,奔驰F125,暂无,cxLogo\2424.jpg
4195,36,Vision Van,暂无,cxLogo\4195.jpg
4231,36,奔驰X级,暂无,cxLogo\4231.jpg
595,36,奔驰GLK级(进口),暂无,cxLogo\595.jpg
57,36,奔驰M级,暂无,cxLogo\57.jpg
467,36,奔驰GL级,暂无,cxLogo\467.jpg
300,36,唯雅诺(进口),暂无,cxLogo\300.jpg
235,36,奔驰CLK级,暂无,cxLogo\235.jpg
683,36,奔驰CL级,暂无,cxLogo\683.jpg
267,36,奔驰SLK级,暂无,cxLogo\267.jpg
685,36,奔驰SLR级,暂无,cxLogo\685.jpg
2842,36,奔驰A级AMG,49.80-55.80万,cxLogo\2842.jpg
2967,36,奔驰CLA级AMG,59.90-63.20万,cxLogo\2967.jpg
2717,36,奔驰C级AMG,68.80-134.80万,cxLogo\2717.jpg
2719,36,奔驰CLS级AMG,177.80-186.80万,cxLogo\2719.jpg
2718,36,奔驰E级AMG,97.98-97.98万,cxLogo\2718.jpg
2197,36,奔驰S级AMG,247.80-299.80万,cxLogo\2197.jpg
3264,36,奔驰GLA AMG,57.90-63.40万,cxLogo\3264.jpg
4074,36,奔驰GLC AMG,69.80-80.50万,cxLogo\4074.jpg
3704,36,奔驰GLE AMG,103.80-198.80万,cxLogo\3704.jpg
2723,36,奔驰G级AMG,231.80-381.80万,cxLogo\2723.jpg
3901,36,奔驰GLS AMG,199.80-199.80万,cxLogo\3901.jpg
3451,36,AMG GT,141.80-228.80万,cxLogo\3451.jpg
4364,36,GT Concept,暂无,cxLogo\4364.jpg
2721,36,奔驰SLK级AMG,暂无,cxLogo\2721.jpg
2720,36,奔驰SL级AMG,暂无,cxLogo\2720.jpg
3246,36,Vision,暂无,cxLogo\3246.jpg
3985,36,奔驰SLC AMG,暂无,cxLogo\3985.jpg
2722,36,奔驰M级AMG,暂无,cxLogo\2722.jpg
2833,36,奔驰GL级AMG,暂无,cxLogo\2833.jpg
2724,36,奔驰CL级AMG,暂无,cxLogo\2724.jpg
914,36,奔驰SLS级AMG,暂无,cxLogo\914.jpg
3665,36,迈巴赫S级,146.80-288.80万,cxLogo\3665.jpg
4300,36,迈巴赫G级,暂无,cxLogo\4300.jpg
4183,36,Vision Mercedes-Maybach 6,暂无,cxLogo\4183.jpg
3104,14,杰德,12.99-17.99万,cxLogo\3104.jpg
135,14,思域,11.59-16.99万,cxLogo\135.jpg
3859,14,哥瑞,7.98-11.98万,cxLogo\3859.jpg
4179,14,竞瑞,8.99-12.79万,cxLogo\4179.jpg
859,14,思铂睿,17.99-26.79万,cxLogo\859.jpg
3582,14,本田XR-V,12.78-16.28万,cxLogo\3582.jpg
314,14,本田CR-V,16.98-25.98万,cxLogo\314.jpg
4304,14,本田UR-V,24.68-32.98万,cxLogo\4304.jpg
2565,14,艾力绅,24.98-30.98万,cxLogo\2565.jpg
2784,14,本田S,暂无,cxLogo\2784.jpg
81,14,飞度,7.38-11.28万,cxLogo\81.jpg
3876,14,锋范,7.98-11.98万,cxLogo\3876.jpg
3085,14,凌派,10.98-14.98万,cxLogo\3085.jpg
2168,14,歌诗图,25.98-33.58万,cxLogo\2168.jpg
78,14,雅阁,16.98-27.98万,cxLogo\78.jpg
3460,14,缤智,12.88-18.98万,cxLogo\3460.jpg
4102,14,冠道,22.00-32.98万,cxLogo\4102.jpg
880,14,奥德赛,22.98-35.48万,cxLogo\880.jpg
2786,14,本田C,暂无,cxLogo\2786.jpg
694,14,锋范经典,暂无,cxLogo\694.jpg
449,14,思迪,暂无,cxLogo\449.jpg
897,14,本田CR-Z,28.88-28.88万,cxLogo\897.jpg
723,14,INSIGHT,20.98-20.98万,cxLogo\723.jpg
4360,14,NeuV,暂无,cxLogo\4360.jpg
900,14,飞度(进口),暂无,cxLogo\900.jpg
3275,14,锋范(海外),暂无,cxLogo\3275.jpg
3266,14,CLARITY,暂无,cxLogo\3266.jpg
3478,14,CONCEPT B,暂无,cxLogo\3478.jpg
3705,14,杰德(海外),暂无,cxLogo\3705.jpg
896,14,思域(海外),暂无,cxLogo\896.jpg
2948,14,歌诗图(海外),暂无,cxLogo\2948.jpg
559,14,雅阁(海外),暂无,cxLogo\559.jpg
3257,14,VEZEL,暂无,cxLogo\3257.jpg
3605,14,本田HR-V,暂无,cxLogo\3605.jpg
2995,14,本田Urban,暂无,cxLogo\2995.jpg
3268,14,CONCEPT V,暂无,cxLogo\3268.jpg
918,14,本田CR-V(海外),暂无,cxLogo\918.jpg
810,14,Pilot,暂无,cxLogo\810.jpg
733,14,奥德赛(海外),暂无,cxLogo\733.jpg
2587,14,EV-Ster,暂无,cxLogo\2587.jpg
2700,14,本田NSX,暂无,cxLogo\2700.jpg
3232,14,本田S660,暂无,cxLogo\3232.jpg
2551,14,Ridgeline,暂无,cxLogo\2551.jpg
3692,14,本田FCV,暂无,cxLogo\3692.jpg
935,14,本田FCX,暂无,cxLogo\935.jpg
233,14,时韵,暂无,cxLogo\233.jpg
746,14,本田S2000,暂无,cxLogo\746.jpg
4171,15,宝马1系,20.48-31.98万,cxLogo\4171.jpg
3941,15,宝马2系旅行车,23.69-33.19万,cxLogo\3941.jpg
66,15,宝马3系,28.80-48.69万,cxLogo\66.jpg
65,15,宝马5系,44.99-66.39万,cxLogo\65.jpg
4350,15,宝马5系新能源,69.86-69.86万,cxLogo\4350.jpg
2561,15,宝马X1,28.60-43.90万,cxLogo\2561.jpg
4356,15,宝马X1新能源,39.88-39.88万,cxLogo\4356.jpg
2388,15,宝马i3,42.28-52.28万,cxLogo\2388.jpg
373,15,宝马1系(进口),25.60-46.90万,cxLogo\373.jpg
317,15,宝马3系(进口),39.96-68.40万,cxLogo\317.jpg
2963,15,宝马3系GT,39.80-51.90万,cxLogo\2963.jpg
2968,15,宝马4系,42.00-68.90万,cxLogo\2968.jpg
202,15,宝马5系(进口),46.58-72.70万,cxLogo\202.jpg
2847,15,宝马5系GT,70.10-168.80万,cxLogo\2847.jpg
270,15,宝马6系,95.20-188.20万,cxLogo\270.jpg
153,15,宝马7系,89.80-265.80万,cxLogo\153.jpg
4345,15,宝马7系新能源,112.80-115.80万,cxLogo\4345.jpg
271,15,宝马X3,42.10-75.00万,cxLogo\271.jpg
3053,15,宝马X4,53.00-77.40万,cxLogo\3053.jpg
159,15,宝马X5,75.80-172.80万,cxLogo\159.jpg
4348,15,宝马X5新能源,92.80-92.80万,cxLogo\4348.jpg
587,15,宝马X6,83.80-113.80万,cxLogo\587.jpg
3726,15,宝马2系多功能旅行车,28.99-32.99万,cxLogo\3726.jpg
3230,15,宝马2系,27.60-49.80万,cxLogo\3230.jpg
2387,15,宝马i8,198.80-198.80万,cxLogo\2387.jpg
161,15,宝马Z4,58.30-90.90万,cxLogo\161.jpg
3965,15,Compact Sedan,暂无,cxLogo\3965.jpg
3302,15,宝马2系旅行车(进口),暂无,cxLogo\3302.jpg
4067,15,VISION NEXT 100,暂无,cxLogo\4067.jpg
4472,15,宝马6系GT,暂无,cxLogo\4472.jpg
3471,15,Vision Future Luxury,暂无,cxLogo\3471.jpg
675,15,宝马X1(进口),暂无,cxLogo\675.jpg
3386,15,宝马X2,暂无,cxLogo\3386.jpg
4136,15,2002 Hommage,暂无,cxLogo\4136.jpg
3843,15,3.0 CSL Hommage,暂无,cxLogo\3843.jpg
3146,15,Gran Lusso,暂无,cxLogo\3146.jpg
3996,15,i Vision Future Interaction,暂无,cxLogo\3996.jpg
2831,15,Zagato Coupe,暂无,cxLogo\2831.jpg
3464,15,宝马8系,暂无,cxLogo\3464.jpg
2438,15,Isetta,暂无,cxLogo\2438.jpg
2897,15,Active Tourer,暂无,cxLogo\2897.jpg
2267,15,ConnectedDrive,暂无,cxLogo\2267.jpg
907,15,EfficientDynamics,暂无,cxLogo\907.jpg
2848,15,宝马GINA,暂无,cxLogo\2848.jpg
847,15,宝马Z8,暂无,cxLogo\847.jpg
2196,15,宝马M3,96.80-106.80万,cxLogo\2196.jpg
3189,15,宝马M4,92.70-199.00万,cxLogo\3189.jpg
2726,15,宝马M5,159.70-159.70万,cxLogo\2726.jpg
2727,15,宝马M6,198.80-198.80万,cxLogo\2727.jpg
2728,15,宝马X5 M,185.80-185.80万,cxLogo\2728.jpg
2729,15,宝马X6 M,192.80-192.80万,cxLogo\2729.jpg
3357,15,宝马M2,64.05-64.05万,cxLogo\3357.jpg
2725,15,宝马1系M,暂无,cxLogo\2725.jpg
2845,15,宝马M1,暂无,cxLogo\2845.jpg
4239,38,VELITE 5,26.58-29.58万,cxLogo\4239.jpg
3751,38,威朗,13.59-20.59万,cxLogo\3751.jpg
982,38,英朗,10.99-15.09万,cxLogo\982.jpg
164,38,君威,17.58-27.99万,cxLogo\164.jpg
834,38,君越,22.98-33.98万,cxLogo\834.jpg
2896,38,昂科拉,13.99-18.99万,cxLogo\2896.jpg
3554,38,昂科威,20.99-34.99万,cxLogo\3554.jpg
166,38,别克GL8,22.99-44.99万,cxLogo\166.jpg
875,38,凯越,暂无,cxLogo\875.jpg
525,38,林荫大道,暂无,cxLogo\525.jpg
344,38,荣御,暂无,cxLogo\344.jpg
592,38,昂科雷,50.90-64.90万,cxLogo\592.jpg
2511,38,VERANO(海外),暂无,cxLogo\2511.jpg
985,38,君威(海外),暂无,cxLogo\985.jpg
719,38,君越(海外),暂无,cxLogo\719.jpg
3708,38,Avenir,暂无,cxLogo\3708.jpg
2317,38,昂科威(海外),暂无,cxLogo\2317.jpg
4000,38,Avista,暂无,cxLogo\4000.jpg
3078,38,Riviera,暂无,cxLogo\3078.jpg
3707,38,别克Cascada,暂无,cxLogo\3707.jpg
3067,38,Roadmaster,暂无,cxLogo\3067.jpg
3076,38,Special,暂无,cxLogo\3076.jpg
4279,75,宋MAX,暂无,cxLogo\4279.jpg
579,75,比亚迪F0,3.79-4.79万,cxLogo\579.jpg
4073,75,比亚迪e5,19.59-21.59万,cxLogo\4073.jpg
407,75,比亚迪F3,4.39-7.79万,cxLogo\407.jpg
3283,75,比亚迪G5,7.59-10.29万,cxLogo\3283.jpg
2761,75,秦,18.59-25.59万,cxLogo\2761.jpg
2806,75,速锐,6.99-9.59万,cxLogo\2806.jpg
3781,75,元,5.99-10.99万,cxLogo\3781.jpg
3780,75,宋,7.99-14.99万,cxLogo\3780.jpg
4394,75,宋新能源,21.59-27.59万,cxLogo\4394.jpg
2088,75,比亚迪S6,7.99-12.39万,cxLogo\2088.jpg
3059,75,比亚迪S7,9.99-13.99万,cxLogo\3059.jpg
3430,75,唐,26.59-29.99万,cxLogo\3430.jpg
831,75,比亚迪e6,30.98-36.98万,cxLogo\831.jpg
798,75,比亚迪M6,10.39-15.39万,cxLogo\798.jpg
4393,75,王朝概念车,暂无,cxLogo\4393.jpg
3474,75,商,暂无,cxLogo\3474.jpg
417,75,福莱尔,暂无,cxLogo\417.jpg
940,75,比亚迪F3R,暂无,cxLogo\940.jpg
4333,75,比亚迪F3新能源,暂无,cxLogo\4333.jpg
927,75,比亚迪G3,暂无,cxLogo\927.jpg
997,75,比亚迪G3R,暂无,cxLogo\997.jpg
2085,75,比亚迪L3,暂无,cxLogo\2085.jpg
540,75,比亚迪F6,暂无,cxLogo\540.jpg
2091,75,比亚迪G6,暂无,cxLogo\2091.jpg
2944,75,思锐,暂无,cxLogo\2944.jpg
489,75,比亚迪S8,暂无,cxLogo\489.jpg
3993,120,宝骏E100,9.39-10.99万,cxLogo\3993.jpg
155,120,乐驰,3.98-4.98万,cxLogo\155.jpg
4077,120,宝骏310,3.68-5.38万,cxLogo\4077.jpg
3774,120,宝骏330,5.58-5.98万,cxLogo\3774.jpg
4392,120,宝骏310W,4.28-5.68万,cxLogo\4392.jpg
3343,120,宝骏610,5.98-8.08万,cxLogo\3343.jpg
2236,120,宝骏630,5.98-7.48万,cxLogo\2236.jpg
4166,120,宝骏510,5.48-6.98万,cxLogo\4166.jpg
3677,120,宝骏560,6.98-11.78万,cxLogo\3677.jpg
3412,120,宝骏730,6.08-10.28万,cxLogo\3412.jpg
3068,13,标致301,8.47-10.77万,cxLogo\3068.jpg
877,13,标致308,9.97-15.97万,cxLogo\877.jpg
3632,13,标致308S,11.27-17.97万,cxLogo\3632.jpg
987,13,标致408,12.97-18.97万,cxLogo\987.jpg
2299,13,标致508,17.37-26.97万,cxLogo\2299.jpg
3234,13,标致2008,9.97-15.17万,cxLogo\3234.jpg
2619,13,标致3008,14.07-20.77万,cxLogo\2619.jpg
4167,13,标致4008,18.57-27.37万,cxLogo\4167.jpg
4271,13,标致5008,18.77-27.97万,cxLogo\4271.jpg
437,13,标致206,暂无,cxLogo\437.jpg
688,13,标致207,暂无,cxLogo\688.jpg
99,13,标致307,暂无,cxLogo\99.jpg
726,13,标致107,暂无,cxLogo\726.jpg
3381,13,标致108,暂无,cxLogo\3381.jpg
3903,13,Fractal,暂无,cxLogo\3903.jpg
2544,13,标致208,暂无,cxLogo\2544.jpg
3434,13,EXALT,暂无,cxLogo\3434.jpg
4331,13,Instinct,暂无,cxLogo\4331.jpg
2829,13,标致301(海外),暂无,cxLogo\2829.jpg
689,13,标致308(进口),暂无,cxLogo\689.jpg
2191,13,标致508(进口),暂无,cxLogo\2191.jpg
2404,13,标致HX1,暂无,cxLogo\2404.jpg
2801,13,Urban Crossover,暂无,cxLogo\2801.jpg
2891,13,标致2008(海外),暂无,cxLogo\2891.jpg
3614,13,Quartz,暂无,cxLogo\3614.jpg
724,13,标致3008(进口),暂无,cxLogo\724.jpg
4193,13,标致5008(海外),暂无,cxLogo\4193.jpg
2315,13,标致SXC,暂无,cxLogo\2315.jpg
861,13,标致5008经典,暂无,cxLogo\861.jpg
2892,13,ONYX,暂无,cxLogo\2892.jpg
2047,13,标致RCZ,暂无,cxLogo\2047.jpg
3974,13,TRAVELLER,暂无,cxLogo\3974.jpg
924,13,标致BB1,暂无,cxLogo\924.jpg
2204,13,标致iOn,暂无,cxLogo\2204.jpg
184,13,标致206(进口),暂无,cxLogo\184.jpg
640,13,标致207(进口),暂无,cxLogo\640.jpg
277,13,标致307(进口),暂无,cxLogo\277.jpg
2064,13,5 by Peugeot,暂无,cxLogo\2064.jpg
185,13,标致407,暂无,cxLogo\185.jpg
186,13,标致607,暂无,cxLogo\186.jpg
2216,13,标致HR1,暂无,cxLogo\2216.jpg
2472,13,标致4008(进口),暂无,cxLogo\2472.jpg
2210,13,标致EX1,暂无,cxLogo\2210.jpg
2038,13,标致SR1,暂无,cxLogo\2038.jpg
703,40,Panamera,108.80-233.80万,cxLogo\703.jpg
4322,40,Panamera新能源,140.80-273.80万,cxLogo\4322.jpg
2838,40,Macan,58.80-112.41万,cxLogo\2838.jpg
172,40,Cayenne,88.80-283.90万,cxLogo\172.jpg
4324,40,Cayenne新能源,108.80-108.80万,cxLogo\4324.jpg
4175,40,保时捷718,58.80-85.80万,cxLogo\4175.jpg
162,40,保时捷911,131.80-335.80万,cxLogo\162.jpg
415,40,Cayman,72.70-111.80万,cxLogo\415.jpg
3917,40,Mission E,暂无,cxLogo\3917.jpg
3401,40,919 Hybrid,暂无,cxLogo\3401.jpg
2073,40,918 Spyder,暂无,cxLogo\2073.jpg
168,40,Boxster,暂无,cxLogo\168.jpg
393,40,Carrera GT,暂无,cxLogo\393.jpg
3423,40,保时捷356,暂无,cxLogo\3423.jpg
3572,40,保时捷968,暂无,cxLogo\3572.jpg
3695,95,奔腾B30,6.58-9.28万,cxLogo\3695.jpg
632,95,奔腾B50,8.18-11.78万,cxLogo\632.jpg
466,95,奔腾B70,9.98-14.98万,cxLogo\466.jpg
2310,95,奔腾B90,14.58-19.98万,cxLogo\2310.jpg
4069,95,奔腾X40,6.68-10.18万,cxLogo\4069.jpg
3000,95,奔腾X80,9.98-14.78万,cxLogo\3000.jpg
965,154,战旗,7.36-8.08万,cxLogo\965.jpg
3035,154,BJ 212,6.84-7.03万,cxLogo\3035.jpg
2126,154,北京BW007,8.28-10.78万,cxLogo\2126.jpg
622,154,勇士,13.09-14.96万,cxLogo\622.jpg
2960,154,越铃,5.17-7.58万,cxLogo\2960.jpg
852,154,骑士S12,暂无,cxLogo\852.jpg
4009,143,北汽威旺S50,7.98-12.08万,cxLogo\4009.jpg
4154,143,北汽威旺M50F,5.58-8.68万,cxLogo\4154.jpg
2482,143,北汽威旺306,3.18-4.64万,cxLogo\2482.jpg
3191,143,北汽威旺M20,3.68-4.83万,cxLogo\3191.jpg
3916,143,北汽威旺M30,4.43-4.83万,cxLogo\3916.jpg
4061,143,北汽威旺M35,5.33-6.08万,cxLogo\4061.jpg
3428,143,北汽威旺T205-D,2.98-3.40万,cxLogo\3428.jpg
3231,143,北汽威旺307,4.38-5.13万,cxLogo\3231.jpg
2943,143,北汽威旺205,暂无,cxLogo\2943.jpg
3712,143,北汽007,8.28-10.78万,cxLogo\3712.jpg
3800,27,北京(BJ)20,9.68-13.98万,cxLogo\3800.jpg
623,27,北京BJ40,12.98-17.98万,cxLogo\623.jpg
2852,27,北京BJ80,28.30-31.80万,cxLogo\2852.jpg
3972,27,北京BJ90,暂无,cxLogo\3972.jpg
2252,27,北京汽车E系列,暂无,cxLogo\2252.jpg
2132,27,北京汽车B90,暂无,cxLogo\2132.jpg
3284,203,北汽幻速S2,5.18-6.08万,cxLogo\3284.jpg
3361,203,北汽幻速S3,5.38-6.98万,cxLogo\3361.jpg
4276,203,北汽幻速S5,5.98-8.58万,cxLogo\4276.jpg
3426,203,北汽幻速S6,8.88-11.68万,cxLogo\3426.jpg
3874,203,北汽幻速H3,5.58-6.78万,cxLogo\3874.jpg
3661,203,北汽幻速H2,3.98-6.68万,cxLogo\3661.jpg
4137,203,北汽幻速H2V,3.58-3.98万,cxLogo\4137.jpg
3714,203,北汽幻速H6,5.98-7.58万,cxLogo\3714.jpg
4310,203,北汽幻速H5,暂无,cxLogo\4310.jpg
4264,208,EC系列,15.18-16.48万,cxLogo\4264.jpg
3533,208,EV系列,17.78-18.99万,cxLogo\3533.jpg
3884,208,EU系列,20.59-22.49万,cxLogo\3884.jpg
4104,208,EH系列,34.58-35.58万,cxLogo\4104.jpg
4015,208,EX系列,19.29-20.29万,cxLogo\4015.jpg
3630,208,北汽新能源C90EV,暂无,cxLogo\3630.jpg
3537,208,北汽新能源ES210,暂无,cxLogo\3537.jpg
3557,173,绅宝D20,4.88-8.28万,cxLogo\3557.jpg
3794,173,绅宝CC,9.98-14.98万,cxLogo\3794.jpg
2791,173,绅宝D50,7.48-11.38万,cxLogo\2791.jpg
2787,173,绅宝D70,13.98-21.58万,cxLogo\2787.jpg
3673,173,绅宝D80,20.48-26.88万,cxLogo\3673.jpg
3839,173,绅宝X25,5.58-7.58万,cxLogo\3839.jpg
3928,173,绅宝X35,6.58-8.88万,cxLogo\3928.jpg
3795,173,绅宝X55,7.68-11.98万,cxLogo\3795.jpg
3417,173,绅宝X65,9.88-14.98万,cxLogo\3417.jpg
3427,173,绅宝D60,暂无,cxLogo\3427.jpg
901,39,慕尚,498.00-555.80万,cxLogo\901.jpg
3014,39,飞驰,319.80-435.80万,cxLogo\3014.jpg
2685,39,添越,398.00-480.00万,cxLogo\2685.jpg
305,39,欧陆,304.80-526.80万,cxLogo\305.jpg
3739,39,EXP 10 Speed 6,暂无,cxLogo\3739.jpg
4363,39,EXP 12 Speed 6e,暂无,cxLogo\4363.jpg
3668,39,Grand Convertible,暂无,cxLogo\3668.jpg
1013,39,Brooklands,暂无,cxLogo\1013.jpg
1012,39,雅骏,暂无,cxLogo\1012.jpg
306,39,雅致,暂无,cxLogo\306.jpg
4046,231,宝沃BX5,12.38-21.68万,cxLogo\4046.jpg
3913,231,宝沃BX7,16.98-24.28万,cxLogo\3913.jpg
4047,231,宝沃BX6 TS,暂无,cxLogo\4047.jpg
4403,231,宝沃BXi7,暂无,cxLogo\4403.jpg
3757,231,Isabella,暂无,cxLogo\3757.jpg
2683,140,巴博斯 smart fortwo,22.80-32.99万,cxLogo\2683.jpg
2446,140,巴博斯 SLK级,62.00-62.00万,cxLogo\2446.jpg
2447,140,巴博斯 CLS级,暂无,cxLogo\2447.jpg
2461,140,巴博斯 E级,暂无,cxLogo\2461.jpg
2444,140,巴博斯 S级,暂无,cxLogo\2444.jpg
2809,140,巴博斯 G级,暂无,cxLogo\2809.jpg
2575,140,巴博斯 M级,暂无,cxLogo\2575.jpg
2947,140,巴博斯 GL级,暂无,cxLogo\2947.jpg
2448,140,巴博斯 SLS级,暂无,cxLogo\2448.jpg
2460,140,巴博斯 SL级,暂无,cxLogo\2460.jpg
4164,271,比速T3,7.49-8.99万,cxLogo\4164.jpg
4298,271,比速T5,7.29-8.99万,cxLogo\4298.jpg
4173,271,比速M3,6.19-8.39万,cxLogo\4173.jpg
3889,37,Chiron,暂无,cxLogo\3889.jpg
3919,37,Vision GT,暂无,cxLogo\3919.jpg
390,37,威航,暂无,cxLogo\390.jpg
920,37,Galibier,暂无,cxLogo\920.jpg
4511,301,道达V8,暂无,cxLogo\4511.jpg
3217,76,奔奔,4.49-5.69万,cxLogo\3217.jpg
4380,76,奔奔EV,15.48-17.18万,cxLogo\4380.jpg
2119,76,长安CX20,5.69-6.59万,cxLogo\2119.jpg
2788,76,悦翔V5,6.19-7.59万,cxLogo\2788.jpg
2567,76,悦翔V3,4.39-4.99万,cxLogo\2567.jpg
2429,76,逸动,6.99-9.69万,cxLogo\2429.jpg
4343,76,逸动新能源,23.49-24.99万,cxLogo\4343.jpg
3422,76,悦翔V7,5.29-7.99万,cxLogo\3422.jpg
2785,76,睿骋,10.88-20.18万,cxLogo\2785.jpg
3924,76,长安CS15,5.39-7.39万,cxLogo\3924.jpg
2778,76,长安CS35,6.89-9.29万,cxLogo\2778.jpg
4269,76,长安CS55,8.39-13.29万,cxLogo\4269.jpg
3204,76,长安CS75,7.98-18.48万,cxLogo\3204.jpg
3121,76,长安CS95,15.98-22.98万,cxLogo\3121.jpg
4242,76,凌轩,6.79-8.19万,cxLogo\4242.jpg
3120,76,长安E30,暂无,cxLogo\3120.jpg
3811,76,睿骋CC,暂无,cxLogo\3811.jpg
2316,76,长安VOSS,暂无,cxLogo\2316.jpg
484,76,奔奔i,暂无,cxLogo\484.jpg
2046,76,奔奔LOVE,暂无,cxLogo\2046.jpg
2045,76,奔奔MINI,暂无,cxLogo\2045.jpg
705,76,悦翔,暂无,cxLogo\705.jpg
1008,76,长安CX30,暂无,cxLogo\1008.jpg
590,76,志翔,暂无,cxLogo\590.jpg
520,76,杰勋,暂无,cxLogo\520.jpg
2090,77,长城C30,5.49-7.49万,cxLogo\2090.jpg
2462,77,风骏5,6.88-10.98万,cxLogo\2462.jpg
3101,77,风骏6,8.68-12.48万,cxLogo\3101.jpg
625,77,欧拉,暂无,cxLogo\625.jpg
2121,77,长城C70,暂无,cxLogo\2121.jpg
2459,77,风骏3,暂无,cxLogo\2459.jpg
491,77,长城精灵,暂无,cxLogo\491.jpg
2122,77,长城C20R,暂无,cxLogo\2122.jpg
2001,77,长城M2,暂无,cxLogo\2001.jpg
493,77,酷熊,暂无,cxLogo\493.jpg
624,77,凌傲,暂无,cxLogo\624.jpg
492,77,炫丽,暂无,cxLogo\492.jpg
2120,77,长城C50,暂无,cxLogo\2120.jpg
535,77,长城M1,暂无,cxLogo\535.jpg
2304,77,长城M4,暂无,cxLogo\2304.jpg
6,77,赛弗,暂无,cxLogo\6.jpg
552,77,赛影,暂无,cxLogo\552.jpg
2200,77,长城V80,暂无,cxLogo\2200.jpg
536,77,嘉誉,暂无,cxLogo\536.jpg
2653,77,金迪尔,暂无,cxLogo\2653.jpg
2954,163,欧力威,3.98-6.59万,cxLogo\2954.jpg
3893,163,长安CX70,5.99-10.99万,cxLogo\3893.jpg
3783,163,欧尚,5.69-7.09万,cxLogo\3783.jpg
4376,163,欧尚A800,5.99-11.99万,cxLogo\4376.jpg
2600,163,长安之星,2.50-5.09万,cxLogo\2600.jpg
2605,163,长安之星2,3.19-4.68万,cxLogo\2605.jpg
3526,163,长安之星3,2.99-3.99万,cxLogo\3526.jpg
3514,163,长安之星7,3.69-4.09万,cxLogo\3514.jpg
3685,163,长安之星9,4.78-5.60万,cxLogo\3685.jpg
2566,163,欧诺,3.59-5.39万,cxLogo\2566.jpg
3155,163,长安星卡,3.59-4.48万,cxLogo\3155.jpg
2505,163,金牛星,4.59-5.89万,cxLogo\2505.jpg
2604,163,长安之星S460,暂无,cxLogo\2604.jpg
3922,79,昌河Q25,5.59-7.59万,cxLogo\3922.jpg
3980,79,昌河Q35,6.59-8.69万,cxLogo\3980.jpg
4208,79,昌河M70,5.49-6.49万,cxLogo\4208.jpg
2478,79,福瑞达,2.88-4.78万,cxLogo\2478.jpg
3640,79,昌河M50,3.98-5.28万,cxLogo\3640.jpg
4142,79,福瑞达K22,4.09-4.58万,cxLogo\4142.jpg
76,79,爱迪尔,暂无,cxLogo\76.jpg
4132,294,睿行S50,5.89-8.19万,cxLogo\4132.jpg
2923,294,神骐T20,4.08-5.55万,cxLogo\2923.jpg
4372,294,睿行M70,6.44-6.64万,cxLogo\4372.jpg
3227,294,睿行M80,5.83-5.93万,cxLogo\3227.jpg
4011,294,睿行M90,6.92-7.39万,cxLogo\4011.jpg
4012,294,神骐F30,5.52-5.53万,cxLogo\4012.jpg
4292,294,睿行S50T,暂无,cxLogo\4292.jpg
2606,294,长安星光4500,暂无,cxLogo\2606.jpg
3091,294,尊行,暂无,cxLogo\3091.jpg
4013,294,神骐F50,暂无,cxLogo\4013.jpg
4181,299,长安V3,3.38-3.38万,cxLogo\4181.jpg
3311,299,长安V5,4.28-4.66万,cxLogo\3311.jpg
4319,299,跨越王,4.85-5.35万,cxLogo\4319.jpg
4182,299,新豹MINI,3.54-4.14万,cxLogo\4182.jpg
3504,196,成功V1,3.28-4.00万,cxLogo\3504.jpg
3505,196,成功V2,3.68-4.18万,cxLogo\3505.jpg
3508,196,成功X1,6.80-6.80万,cxLogo\3508.jpg
4008,189,Seven,暂无,cxLogo\4008.jpg
4093,264,逸酷,暂无,cxLogo\4093.jpg
4450,264,奕阁,暂无,cxLogo\4450.jpg
145,1,POLO,7.59-14.69万,cxLogo\145.jpg
2922,1,桑塔纳,8.49-13.89万,cxLogo\2922.jpg
3103,1,朗行,11.29-16.29万,cxLogo\3103.jpg
614,1,朗逸,10.99-15.99万,cxLogo\614.jpg
3197,1,朗境,14.89-17.19万,cxLogo\3197.jpg
3457,1,凌渡,14.59-22.89万,cxLogo\3457.jpg
528,1,帕萨特,18.99-30.39万,cxLogo\528.jpg
4045,1,辉昂,34.90-65.90万,cxLogo\4045.jpg
874,1,途观,19.98-23.78万,cxLogo\874.jpg
4274,1,途观L,22.38-35.98万,cxLogo\4274.jpg
4232,1,途昂,30.89-51.89万,cxLogo\4232.jpg
333,1,途安,15.58-23.08万,cxLogo\333.jpg
144,1,高尔,暂无,cxLogo\144.jpg
826,1,Passat领驭,暂无,cxLogo\826.jpg
149,1,桑塔纳经典,暂无,cxLogo\149.jpg
207,1,桑塔纳志俊,暂无,cxLogo\207.jpg
16,1,捷达,7.99-13.49万,cxLogo\16.jpg
633,1,宝来,10.78-15.38万,cxLogo\633.jpg
871,1,高尔夫,12.19-23.99万,cxLogo\871.jpg
442,1,速腾,13.18-21.88万,cxLogo\442.jpg
3964,1,高尔夫・嘉旅,13.19-19.79万,cxLogo\3964.jpg
4204,1,蔚领,12.59-16.29万,cxLogo\4204.jpg
496,1,迈腾,18.99-31.69万,cxLogo\496.jpg
905,1,一汽-大众CC,25.28-34.28万,cxLogo\905.jpg
15,1,宝来/宝来经典,暂无,cxLogo\15.jpg
360,1,开迪,暂无,cxLogo\360.jpg
210,1,甲壳虫,19.58-27.46万,cxLogo\210.jpg
372,1,高尔夫(进口),40.78-41.38万,cxLogo\372.jpg
4355,1,高尔夫(进口)新能源,28.88-28.88万,cxLogo\4355.jpg
3999,1,蔚揽,26.68-42.98万,cxLogo\3999.jpg
557,1,Tiguan,26.28-39.18万,cxLogo\557.jpg
82,1,途锐,65.88-90.88万,cxLogo\82.jpg
86,1,夏朗,26.98-37.68万,cxLogo\86.jpg
631,1,迈特威,41.88-55.58万,cxLogo\631.jpg
3416,1,凯路威,35.18-41.88万,cxLogo\3416.jpg
669,1,尚酷,22.28-39.08万,cxLogo\669.jpg
224,1,辉腾,79.58-149.98万,cxLogo\224.jpg
422,1,大众Fox,暂无,cxLogo\422.jpg
780,1,大众up!,暂无,cxLogo\780.jpg
2435,1,Nils,暂无,cxLogo\2435.jpg
782,1,POLO(海外),暂无,cxLogo\782.jpg
925,1,大众XL1,暂无,cxLogo\925.jpg
680,1,高尔(海外),暂无,cxLogo\680.jpg
906,1,Jetta,暂无,cxLogo\906.jpg
4211,1,大众I.D.,暂无,cxLogo\4211.jpg
4268,1,Arteon,暂无,cxLogo\4268.jpg
368,1,Passat,暂无,cxLogo\368.jpg
3732,1,Sport Coupe,暂无,cxLogo\3732.jpg
700,1,大众CC,暂无,cxLogo\700.jpg
3801,1,C Coupe,暂无,cxLogo\3801.jpg
2427,1,Buggy Up,暂无,cxLogo\2427.jpg
2917,1,Taigun,暂无,cxLogo\2917.jpg
4048,1,T-Cross,暂无,cxLogo\4048.jpg
4412,1,I.D. Crozz,暂无,cxLogo\4412.jpg
3398,1,T-ROC,暂无,cxLogo\3398.jpg
2993,1,CrossBlue,暂无,cxLogo\2993.jpg
4275,1,Tiguan Allspace,暂无,cxLogo\4275.jpg
2584,1,Cross Coupe,暂无,cxLogo\2584.jpg
4113,1,T-Prime,暂无,cxLogo\4113.jpg
4186,1,大众Atlas,暂无,cxLogo\4186.jpg
3998,1,BUDD-e,暂无,cxLogo\3998.jpg
2279,1,Bulli,暂无,cxLogo\2279.jpg
3027,1,e-Co-Motion,暂无,cxLogo\3027.jpg
4358,1,Sedric Concept,暂无,cxLogo\4358.jpg
4287,1,大众I.D. Buzz,暂无,cxLogo\4287.jpg
2185,1,开迪(海外),暂无,cxLogo\2185.jpg
512,1,途安(海外),暂无,cxLogo\512.jpg
430,1,大众Eos,暂无,cxLogo\430.jpg
3622,1,大众XL,暂无,cxLogo\3622.jpg
2380,1,Amarok,暂无,cxLogo\2380.jpg
3616,1,Tristar,暂无,cxLogo\3616.jpg
4330,1,大众e-up!,暂无,cxLogo\4330.jpg
539,1,迈腾(进口),暂无,cxLogo\539.jpg
2187,1,Routan,暂无,cxLogo\2187.jpg
737,1,BlueSport,暂无,cxLogo\737.jpg
2839,32,御风,13.68-21.88万,cxLogo\2839.jpg
4278,32,御风EV,48.00-48.00万,cxLogo\4278.jpg
4486,32,御风P16,9.38-12.08万,cxLogo\4486.jpg
2803,32,东风HUV,暂无,cxLogo\2803.jpg
560,32,猛士,暂无,cxLogo\560.jpg
2901,32,俊风CV03,暂无,cxLogo\2901.jpg
951,32,帅客,6.88-9.18万,cxLogo\951.jpg
3279,32,俊风,3.98-4.55万,cxLogo\3279.jpg
2512,32,锐骐多功能车,10.18-14.28万,cxLogo\2512.jpg
2510,32,锐骐皮卡,8.18-14.48万,cxLogo\2510.jpg
561,32,奥丁,暂无,cxLogo\561.jpg
562,32,御轩,暂无,cxLogo\562.jpg
3301,165,景逸S50,6.59-10.29万,cxLogo\3301.jpg
3970,165,风行SX6,6.99-10.29万,cxLogo\3970.jpg
3414,165,景逸X3,6.69-8.69万,cxLogo\3414.jpg
3128,165,景逸X5,7.99-12.29万,cxLogo\3128.jpg
4423,165,景逸X6,8.49-10.99万,cxLogo\4423.jpg
3785,165,景逸XV,7.99-8.69万,cxLogo\3785.jpg
2990,165,风行CM7,14.99-22.99万,cxLogo\2990.jpg
3792,165,风行F600,9.99-12.29万,cxLogo\3792.jpg
3789,165,风行S500,5.99-9.99万,cxLogo\3789.jpg
2540,165,菱智,5.59-9.89万,cxLogo\2540.jpg
554,165,景逸,暂无,cxLogo\554.jpg
2742,165,景逸SUV,暂无,cxLogo\2742.jpg
4023,259,东风风光580,7.29-10.10万,cxLogo\4023.jpg
3828,259,东风风光360,5.79-7.49万,cxLogo\3828.jpg
3925,259,东风风光370,4.99-6.99万,cxLogo\3925.jpg
3829,259,东风风光330,3.69-5.39万,cxLogo\3829.jpg
3086,259,东风风光,暂无,cxLogo\3086.jpg
4383,113,东风风神AX4,暂无,cxLogo\4383.jpg
3119,113,东风风神E30,16.48-16.48万,cxLogo\3119.jpg
2556,113,东风风神A60,6.97-8.37万,cxLogo\2556.jpg
3493,113,东风风神A30,5.97-8.57万,cxLogo\3493.jpg
3461,113,东风风神L60,8.97-12.97万,cxLogo\3461.jpg
3463,113,东风A9,17.97-21.97万,cxLogo\3463.jpg
3786,113,东风风神AX3,6.97-8.77万,cxLogo\3786.jpg
4097,113,东风风神AX5,8.97-12.87万,cxLogo\4097.jpg
3341,113,东风风神AX7,9.97-14.17万,cxLogo\3341.jpg
4421,113,东风风神E70,暂无,cxLogo\4421.jpg
1006,113,东风风神H30,暂无,cxLogo\1006.jpg
790,113,东风风神S30,暂无,cxLogo\790.jpg
606,81,V3菱悦,5.69-6.79万,cxLogo\606.jpg
2769,81,V5菱致,6.59-8.09万,cxLogo\2769.jpg
2776,81,V6菱仕,7.39-9.79万,cxLogo\2776.jpg
4086,81,东南DX3,6.79-10.39万,cxLogo\4086.jpg
3634,81,东南DX7,8.99-13.99万,cxLogo\3634.jpg
3088,81,东南V7,暂无,cxLogo\3088.jpg
126,81,菱帅,暂无,cxLogo\126.jpg
2477,81,希旺,暂无,cxLogo\2477.jpg
2530,81,得利卡,暂无,cxLogo\2530.jpg
3036,142,东风小康C35,4.98-4.98万,cxLogo\3036.jpg
3502,142,东风小康C36,4.98-4.98万,cxLogo\3502.jpg
2865,142,东风小康C37,5.18-5.49万,cxLogo\2865.jpg
4299,142,东风小康K05S,2.79-2.99万,cxLogo\4299.jpg
2500,142,东风小康K07,2.79-3.69万,cxLogo\2500.jpg
2501,142,东风小康K07II,2.79-4.28万,cxLogo\2501.jpg
3697,142,东风小康K07S,2.79-3.19万,cxLogo\3697.jpg
2499,142,东风小康K17,2.79-3.09万,cxLogo\2499.jpg
2490,142,东风小康V07S,2.88-3.18万,cxLogo\2490.jpg
2744,142,东风小康V29,4.59-5.48万,cxLogo\2744.jpg
3698,142,东风小康C31,3.59-3.99万,cxLogo\3698.jpg
3699,142,东风小康C32,3.89-4.29万,cxLogo\3699.jpg
2452,142,东风小康K01,2.59-3.09万,cxLogo\2452.jpg
2497,142,东风小康K02,3.19-3.39万,cxLogo\2497.jpg
2491,142,东风小康V21,3.38-4.08万,cxLogo\2491.jpg
2494,142,东风小康V22,3.78-4.48万,cxLogo\2494.jpg
2495,142,东风小康V27,3.78-5.88万,cxLogo\2495.jpg
4461,142,东风小康EC36,暂无,cxLogo\4461.jpg
3963,169,DS 4S,14.99-22.99万,cxLogo\3963.jpg
3309,169,DS 5LS,14.98-24.68万,cxLogo\3309.jpg
2952,169,DS 5,21.99-34.59万,cxLogo\2952.jpg
3324,169,DS 6,19.39-30.19万,cxLogo\3324.jpg
898,169,DS 3,暂无,cxLogo\898.jpg
2078,169,DS 4,暂无,cxLogo\2078.jpg
3594,169,神韵,暂无,cxLogo\3594.jpg
2314,169,DS 5(进口),暂无,cxLogo\2314.jpg
4347,169,DS 7,暂无,cxLogo\4347.jpg
3063,169,DS Wild Rubis,暂无,cxLogo\3063.jpg
4041,169,E-Tense,暂无,cxLogo\4041.jpg
3054,169,DS23,暂无,cxLogo\3054.jpg
3984,187,东风风度MX5,10.35-13.55万,cxLogo\3984.jpg
3637,187,东风风度MX6,12.28-16.98万,cxLogo\3637.jpg
4306,187,东风风度MX3,暂无,cxLogo\4306.jpg
574,41,凯领,暂无,cxLogo\574.jpg
602,41,酷威,27.49-37.29万,cxLogo\602.jpg
2628,41,Dart,暂无,cxLogo\2628.jpg
576,41,锋哲,暂无,cxLogo\576.jpg
2089,41,Charger,暂无,cxLogo\2089.jpg
2201,41,Durango,暂无,cxLogo\2201.jpg
2226,41,凯领(海外),暂无,cxLogo\2226.jpg
738,41,挑战者,暂无,cxLogo\738.jpg
2198,41,道奇Ram,暂无,cxLogo\2198.jpg
575,41,酷搏,暂无,cxLogo\575.jpg
3049,41,Charger SRT,暂无,cxLogo\3049.jpg
4303,41,Durango SRT,暂无,cxLogo\4303.jpg
573,41,蝰蛇,暂无,cxLogo\573.jpg
3050,41,挑战者 SRT,暂无,cxLogo\3050.jpg
2627,157,Dacia Logan,暂无,cxLogo\2627.jpg
2626,157,Dacia Sandero,暂无,cxLogo\2626.jpg
2625,157,Dacia Duster,暂无,cxLogo\2625.jpg
2703,157,Dacia Lodgy,暂无,cxLogo\2703.jpg
3354,198,DMC-12,暂无,cxLogo\3354.jpg
545,92,森雅,暂无,cxLogo\545.jpg
4259,3,YARiS L 致享,6.98-10.68万,cxLogo\4259.jpg
3126,3,YARiS L 致炫,6.98-10.48万,cxLogo\3126.jpg
3462,3,雷凌,10.98-16.18万,cxLogo\3462.jpg
110,3,凯美瑞,18.78-32.98万,cxLogo\110.jpg
771,3,汉兰达,23.98-42.28万,cxLogo\771.jpg
2237,3,逸致,16.28-16.28万,cxLogo\2237.jpg
505,3,雅力士,暂无,cxLogo\505.jpg
111,3,威驰,6.98-11.38万,cxLogo\111.jpg
4260,3,威驰FS,6.98-10.98万,cxLogo\4260.jpg
526,3,卡罗拉,10.78-17.58万,cxLogo\526.jpg
371,3,普锐斯,22.98-26.98万,cxLogo\371.jpg
375,3,锐志,20.98-31.48万,cxLogo\375.jpg
882,3,皇冠,25.48-38.98万,cxLogo\882.jpg
770,3,RAV4荣放,17.98-26.98万,cxLogo\770.jpg
46,3,普拉多,36.98-62.53万,cxLogo\46.jpg
2527,3,柯斯达,37.25-55.68万,cxLogo\2527.jpg
45,3,兰德酷路泽,77.10-119.40万,cxLogo\45.jpg
109,3,花冠,暂无,cxLogo\109.jpg
170,3,特锐,暂无,cxLogo\170.jpg
2107,3,埃尔法,75.90-81.40万,cxLogo\2107.jpg
107,3,普瑞维亚,46.98-61.00万,cxLogo\107.jpg
2574,3,丰田86,24.98-28.78万,cxLogo\2574.jpg
2607,3,HIACE,39.40-53.70万,cxLogo\2607.jpg
748,3,Aygo,暂无,cxLogo\748.jpg
3019,3,i-Road,暂无,cxLogo\3019.jpg
3948,3,KIKAI,暂无,cxLogo\3948.jpg
938,3,丰田FT-EV,暂无,cxLogo\938.jpg
671,3,丰田iQ,暂无,cxLogo\671.jpg
711,3,YARiS(海外),暂无,cxLogo\711.jpg
3041,3,威驰(海外),暂无,cxLogo\3041.jpg
3118,3,悦佳,暂无,cxLogo\3118.jpg
917,3,Auris,暂无,cxLogo\917.jpg
893,3,Matrix,暂无,cxLogo\893.jpg
2646,3,丰田NS4,暂无,cxLogo\2646.jpg
774,3,卡罗拉(海外),暂无,cxLogo\774.jpg
721,3,普锐斯(海外),暂无,cxLogo\721.jpg
763,3,Avensis,暂无,cxLogo\763.jpg
3682,3,Mirai,暂无,cxLogo\3682.jpg
3239,3,丰田FCV,暂无,cxLogo\3239.jpg
963,3,凯美瑞(海外),暂无,cxLogo\963.jpg
945,3,锐志(海外),暂无,cxLogo\945.jpg
2055,3,Avalon,暂无,cxLogo\2055.jpg
2614,3,皇冠(进口),暂无,cxLogo\2614.jpg
3611,3,丰田C-HR,暂无,cxLogo\3611.jpg
206,3,丰田RAV4(进口),暂无,cxLogo\206.jpg
3851,3,Fortuner,暂无,cxLogo\3851.jpg
3273,3,Harrier,暂无,cxLogo\3273.jpg
549,3,汉兰达(进口),暂无,cxLogo\549.jpg
929,3,4Runner,暂无,cxLogo\929.jpg
550,3,兰德酷路泽(进口),暂无,cxLogo\550.jpg
334,3,普拉多(进口),暂无,cxLogo\334.jpg
964,3,红杉,暂无,cxLogo\964.jpg
983,3,Sienna,暂无,cxLogo\983.jpg
3837,3,SIENTA,暂无,cxLogo\3837.jpg
3718,3,Vellfire,暂无,cxLogo\3718.jpg
786,3,Verso,暂无,cxLogo\786.jpg
3322,3,Verso-S,暂无,cxLogo\3322.jpg
3352,3,丰田FT-1,暂无,cxLogo\3352.jpg
934,3,丰田FT-86,暂无,cxLogo\934.jpg
3931,3,丰田S-FR,暂无,cxLogo\3931.jpg
3975,3,PROACE,暂无,cxLogo\3975.jpg
4281,3,柯斯达(海外),暂无,cxLogo\4281.jpg
2714,3,Hilux,暂无,cxLogo\2714.jpg
2411,3,Tacoma,暂无,cxLogo\2411.jpg
2354,3,坦途,暂无,cxLogo\2354.jpg
513,3,FJ 酷路泽,暂无,cxLogo\513.jpg
762,3,威飒,暂无,cxLogo\762.jpg
2213,3,WISH,暂无,cxLogo\2213.jpg
2617,3,Supra,暂无,cxLogo\2617.jpg
2244,3,杰路驰,暂无,cxLogo\2244.jpg
364,8,福克斯,11.58-16.58万,cxLogo\364.jpg
3347,8,福睿斯,9.68-12.23万,cxLogo\3347.jpg
3693,8,金牛座,23.48-36.98万,cxLogo\3693.jpg
117,8,蒙迪欧,17.98-31.98万,cxLogo\117.jpg
2871,8,翼搏,9.48-12.98万,cxLogo\2871.jpg
2863,8,翼虎,18.48-27.08万,cxLogo\2863.jpg
3615,8,锐界,24.98-44.98万,cxLogo\3615.jpg
659,8,嘉年华,7.99-12.29万,cxLogo\659.jpg
4386,8,蒙迪欧Energi,暂无,cxLogo\4386.jpg
577,8,蒙迪欧-致胜,暂无,cxLogo\577.jpg
3175,8,致胜,暂无,cxLogo\3175.jpg
498,8,麦柯斯,暂无,cxLogo\498.jpg
3518,8,撼路者,26.58-36.08万,cxLogo\3518.jpg
3814,8,途睿欧,17.69-26.58万,cxLogo\3814.jpg
4192,8,全顺,12.23-15.38万,cxLogo\4192.jpg
2524,8,新世代全顺,16.45-24.10万,cxLogo\2524.jpg
2523,8,经典全顺,暂无,cxLogo\2523.jpg
912,8,C-MAX,暂无,cxLogo\912.jpg
378,8,福特GT,暂无,cxLogo\378.jpg
704,8,福克斯(进口),25.98-40.18万,cxLogo\704.jpg
2024,8,探险者,44.98-63.98万,cxLogo\2024.jpg
102,8,Mustang,39.98-70.50万,cxLogo\102.jpg
2353,8,福特F-150,49.98-54.88万,cxLogo\2353.jpg
713,8,嘉年华(进口),18.59-18.59万,cxLogo\713.jpg
3373,8,Figo,暂无,cxLogo\3373.jpg
665,8,福特Ka,暂无,cxLogo\665.jpg
3113,8,福睿斯(海外),暂无,cxLogo\3113.jpg
2023,8,Falcon,暂无,cxLogo\2023.jpg
744,8,Fusion,暂无,cxLogo\744.jpg
759,8,金牛座(海外),暂无,cxLogo\759.jpg
986,8,蒙迪欧(海外),暂无,cxLogo\986.jpg
2622,8,翼搏(海外),暂无,cxLogo\2622.jpg
97,8,Kuga,暂无,cxLogo\97.jpg
3183,8,撼路者(海外),暂无,cxLogo\3183.jpg
684,8,锐界(进口),暂无,cxLogo\684.jpg
972,8,FLEX,暂无,cxLogo\972.jpg
2025,8,征服者,暂无,cxLogo\2025.jpg
2281,8,B-MAX,暂无,cxLogo\2281.jpg
2006,8,Galaxy,暂无,cxLogo\2006.jpg
921,8,Grand C-MAX,暂无,cxLogo\921.jpg
2041,8,S-MAX,暂无,cxLogo\2041.jpg
3028,8,Tourneo Courier,暂无,cxLogo\3028.jpg
2677,8,Tourneo Custom,暂无,cxLogo\2677.jpg
2946,8,Transit,暂无,cxLogo\2946.jpg
2302,8,福特E350,暂无,cxLogo\2302.jpg
2406,8,Evos,暂无,cxLogo\2406.jpg
2707,8,Ranger,暂无,cxLogo\2707.jpg
2997,8,福特Atlas,暂无,cxLogo\2997.jpg
2820,8,福特F-250,暂无,cxLogo\2820.jpg
2389,8,福特F-350,暂无,cxLogo\2389.jpg
2390,8,福特F-450,暂无,cxLogo\2390.jpg
2884,8,福特F-650,暂无,cxLogo\2884.jpg
2183,8,Start,暂无,cxLogo\2183.jpg
2258,8,Vertrek,暂无,cxLogo\2258.jpg
2767,11,菲翔,10.08-14.88万,cxLogo\2767.jpg
3267,11,致悦,10.08-14.88万,cxLogo\3267.jpg
465,11,派朗,暂无,cxLogo\465.jpg
89,11,派力奥,暂无,cxLogo\89.jpg
90,11,西耶那,暂无,cxLogo\90.jpg
91,11,周末风,暂无,cxLogo\91.jpg
601,11,菲亚特500,20.98-26.18万,cxLogo\601.jpg
2262,11,菲跃,24.98-37.58万,cxLogo\2262.jpg
765,11,Panda,暂无,cxLogo\765.jpg
3709,11,菲亚特500L,暂无,cxLogo\3709.jpg
543,11,朋多,暂无,cxLogo\543.jpg
3841,11,Tipo,暂无,cxLogo\3841.jpg
542,11,博悦,暂无,cxLogo\542.jpg
544,11,领雅,暂无,cxLogo\544.jpg
3624,11,菲亚特500X,暂无,cxLogo\3624.jpg
391,11,多宝,暂无,cxLogo\391.jpg
3866,11,菲亚特124,暂无,cxLogo\3866.jpg
4055,11,Fullback,暂无,cxLogo\4055.jpg
2868,11,菲亚特126P,暂无,cxLogo\2868.jpg
4314,42,812 Superfast,暂无,cxLogo\4314.jpg
676,42,California T,308.80-308.80万,cxLogo\676.jpg
2682,42,F12berlinetta,530.80-530.80万,cxLogo\2682.jpg
4027,42,GTC4Lusso,358.80-538.80万,cxLogo\4027.jpg
3016,42,LaFerrari,2250.00-2250.00万,cxLogo\3016.jpg
3720,42,法拉利488,338.80-388.80万,cxLogo\3720.jpg
3026,42,Sergio,暂无,cxLogo\3026.jpg
889,42,法拉利458,暂无,cxLogo\889.jpg
459,42,法拉利599,暂无,cxLogo\459.jpg
2261,42,法拉利FF,暂无,cxLogo\2261.jpg
2594,42,Dino,暂无,cxLogo\2594.jpg
394,42,Enzo,暂无,cxLogo\394.jpg
2875,42,法拉利250 GT,暂无,cxLogo\2875.jpg
2597,42,法拉利348,暂无,cxLogo\2597.jpg
361,42,法拉利360,暂无,cxLogo\361.jpg
308,42,法拉利575M,暂无,cxLogo\308.jpg
367,42,法拉利612,暂无,cxLogo\367.jpg
2598,42,法拉利F355,暂无,cxLogo\2598.jpg
2177,42,法拉利F40,暂无,cxLogo\2177.jpg
359,42,法拉利F430,暂无,cxLogo\359.jpg
2596,42,法拉利GTO,暂无,cxLogo\2596.jpg
3676,96,风景V3,3.16-3.61万,cxLogo\3676.jpg
3821,96,风景V5,3.57-4.31万,cxLogo\3821.jpg
3440,96,风景G7,7.87-10.88万,cxLogo\3440.jpg
4035,96,风景G9,9.62-19.78万,cxLogo\4035.jpg
2535,96,福田风景,5.63-9.52万,cxLogo\2535.jpg
2542,96,蒙派克E,6.98-18.30万,cxLogo\2542.jpg
3089,96,蒙派克S,13.90-17.25万,cxLogo\3089.jpg
3735,96,图雅诺,11.15-19.61万,cxLogo\3735.jpg
2579,96,萨普,5.88-9.99万,cxLogo\2579.jpg
4165,96,奥铃T3,暂无,cxLogo\4165.jpg
661,96,迷迪,暂无,cxLogo\661.jpg
3992,197,启腾V60,5.69-6.69万,cxLogo\3992.jpg
3877,197,启腾EX80,4.29-6.08万,cxLogo\3877.jpg
3346,197,启腾M70,3.39-4.59万,cxLogo\3346.jpg
3633,141,揽福,8.98-15.38万,cxLogo\3633.jpg
2475,141,小超人,5.38-6.78万,cxLogo\2475.jpg
2895,141,雄师F16,5.58-9.38万,cxLogo\2895.jpg
3754,141,雄师F22,7.78-13.38万,cxLogo\3754.jpg
2455,141,探索者Ⅲ,暂无,cxLogo\2455.jpg
3307,282,萨瓦纳,13.18-21.08万,cxLogo\3307.jpg
4227,282,伽途im6,6.19-7.29万,cxLogo\4227.jpg
4228,282,伽途im8,7.09-7.99万,cxLogo\4228.jpg
3991,282,伽途ix5,4.59-5.89万,cxLogo\3991.jpg
3990,282,伽途ix7,5.99-6.99万,cxLogo\3990.jpg
2577,282,拓陆者,8.08-17.86万,cxLogo\2577.jpg
4285,248,FF 91,暂无,cxLogo\4285.jpg
3995,248,FFZERO1,暂无,cxLogo\3995.jpg
2352,132,Karma,暂无,cxLogo\2352.jpg
4255,82,传祺GA3S新能源,16.48-17.48万,cxLogo\4255.jpg
3069,82,传祺GA3,7.58-11.98万,cxLogo\3069.jpg
3524,82,传祺GA3S视界,6.98-11.98万,cxLogo\3524.jpg
4340,82,传祺GA5新能源,19.93-21.93万,cxLogo\4340.jpg
3349,82,传祺GA6,10.28-19.68万,cxLogo\3349.jpg
3782,82,传祺GA8,14.98-25.98万,cxLogo\3782.jpg
4291,82,传祺GE3,22.28-24.58万,cxLogo\4291.jpg
3495,82,传祺GS3,7.38-11.68万,cxLogo\3495.jpg
3691,82,传祺GS4,9.98-16.18万,cxLogo\3691.jpg
4256,82,传祺GS4新能源,20.98-21.98万,cxLogo\4256.jpg
2560,82,传祺GS5,12.38-22.98万,cxLogo\2560.jpg
3574,82,传祺GS5 Super,11.68-19.68万,cxLogo\3574.jpg
4230,82,传祺GS7,14.98-20.98万,cxLogo\4230.jpg
4094,82,传祺GS8,16.38-25.98万,cxLogo\4094.jpg
3952,82,EV coupe,暂无,cxLogo\3952.jpg
3498,82,传祺E-jet,暂无,cxLogo\3498.jpg
603,82,WitStar,暂无,cxLogo\603.jpg
4290,82,EnSpirit,暂无,cxLogo\4290.jpg
3951,82,i-lounge朗智,暂无,cxLogo\3951.jpg
4250,82,EnLight,暂无,cxLogo\4250.jpg
2141,82,传祺GA5,暂无,cxLogo\2141.jpg
2488,108,星旺,2.59-2.98万,cxLogo\2488.jpg
2885,108,星旺CL,3.68-4.58万,cxLogo\2885.jpg
2599,108,财运100,5.29-5.98万,cxLogo\2599.jpg
2571,108,财运300,5.79-6.18万,cxLogo\2571.jpg
2568,108,财运500,6.29-8.88万,cxLogo\2568.jpg
3480,108,广汽吉奥GP150,8.88-11.28万,cxLogo\3480.jpg
3272,108,E美,6.98-9.68万,cxLogo\3272.jpg
2774,108,奥轩GX5,10.98-15.18万,cxLogo\2774.jpg
3477,108,广汽吉奥GX6,10.98-14.68万,cxLogo\3477.jpg
3134,108,星朗,4.58-7.43万,cxLogo\3134.jpg
2114,108,奥轩G3,暂无,cxLogo\2114.jpg
1015,108,帅豹,暂无,cxLogo\1015.jpg
2306,108,奥轩G5,暂无,cxLogo\2306.jpg
864,108,帅舰,暂无,cxLogo\864.jpg
2974,152,观致3,10.09-16.99万,cxLogo\2974.jpg
3662,152,观致5,13.99-19.49万,cxLogo\3662.jpg
2580,152,观致,暂无,cxLogo\2580.jpg
3791,152,观致2,暂无,cxLogo\3791.jpg
4527,152,Model Young,暂无,cxLogo\4527.jpg
4382,152,Model K-EV,暂无,cxLogo\4382.jpg
947,112,YUKON,118.80-168.00万,cxLogo\947.jpg
980,112,SAVANA,68.80-188.00万,cxLogo\980.jpg
2355,112,SIERRA,59.80-75.80万,cxLogo\2355.jpg
955,112,TERRAIN,暂无,cxLogo\955.jpg
952,112,ACADIA,暂无,cxLogo\952.jpg
3345,112,CANYON,暂无,cxLogo\3345.jpg
2093,116,大蛇,暂无,cxLogo\2093.jpg
2095,116,嘉路,暂无,cxLogo\2095.jpg
2094,116,女王,暂无,cxLogo\2094.jpg
4214,277,GLM G4,暂无,cxLogo\4214.jpg
2082,115,Apollo,暂无,cxLogo\2082.jpg
3454,181,哈弗H1,5.49-7.89万,cxLogo\3454.jpg
2615,181,哈弗H2,8.68-11.88万,cxLogo\2615.jpg
4168,181,哈弗H2s,8.38-10.28万,cxLogo\4168.jpg
2027,181,哈弗H5,9.48-16.38万,cxLogo\2027.jpg
2123,181,哈弗H6,8.88-14.68万,cxLogo\2123.jpg
3481,181,哈弗H6 Coupe,12.28-17.18万,cxLogo\3481.jpg
4485,181,哈弗M6,8.98-10.98万,cxLogo\4485.jpg
3074,181,哈弗H7,14.98-19.38万,cxLogo\3074.jpg
2124,181,哈弗H8,18.38-25.68万,cxLogo\2124.jpg
3298,181,哈弗H9,20.98-27.28万,cxLogo\3298.jpg
3808,181,哈弗Concept B,暂无,cxLogo\3808.jpg
3449,181,哈弗COUPE,暂无,cxLogo\3449.jpg
4100,181,哈弗HB-02,暂无,cxLogo\4100.jpg
3807,181,哈弗Concept R,暂无,cxLogo\3807.jpg
2326,181,哈弗IF,暂无,cxLogo\2326.jpg
395,181,哈弗H3,暂无,cxLogo\395.jpg
4156,86,海马@3,20.98-20.98万,cxLogo\4156.jpg
2941,86,海马M3,4.99-6.99万,cxLogo\2941.jpg
3006,86,海马M6,6.98-10.28万,cxLogo\3006.jpg
4169,86,海马S5青春版,5.98-8.88万,cxLogo\4169.jpg
3214,86,海马S5,7.38-10.68万,cxLogo\3214.jpg
2318,86,海马爱尚,暂无,cxLogo\2318.jpg
855,86,海马王子,暂无,cxLogo\855.jpg
3160,86,福仕达鸿达,暂无,cxLogo\3160.jpg
2481,86,福仕达荣达,暂无,cxLogo\2481.jpg
470,86,福美来,6.88-9.28万,cxLogo\470.jpg
3075,86,海马S7,9.88-12.68万,cxLogo\3075.jpg
4205,86,福美来MPV,7.98-12.89万,cxLogo\4205.jpg
4339,86,普力马EV,21.68-21.68万,cxLogo\4339.jpg
2766,86,海马M8,10.68-14.98万,cxLogo\2766.jpg
824,86,丘比特,暂无,cxLogo\824.jpg
47,86,海福星,暂无,cxLogo\47.jpg
527,86,海马3,暂无,cxLogo\527.jpg
696,86,欢动,暂无,cxLogo\696.jpg
823,86,海马骑士,暂无,cxLogo\823.jpg
3994,86,海马V70,暂无,cxLogo\3994.jpg
844,86,普力马,暂无,cxLogo\844.jpg
4131,150,海格H4E,22.30-25.80万,cxLogo\4131.jpg
2572,150,海格H5C,16.53-24.68万,cxLogo\2572.jpg
3243,150,海格H5V,21.08-29.28万,cxLogo\3243.jpg
3636,150,海格H6C,18.98-25.08万,cxLogo\3636.jpg
3235,150,海格H7V,20.88-20.88万,cxLogo\3235.jpg
3149,150,龙威,7.28-16.58万,cxLogo\3149.jpg
2673,150,御骏,7.18-9.28万,cxLogo\2673.jpg
2160,97,旗胜V3,10.18-11.38万,cxLogo\2160.jpg
2517,97,傲骏,5.48-6.28万,cxLogo\2517.jpg
2515,97,大柴神,6.28-12.98万,cxLogo\2515.jpg
3455,97,黄海N1,7.08-11.88万,cxLogo\3455.jpg
3846,97,黄海N2,9.28-17.58万,cxLogo\3846.jpg
4436,97,黄海N3,11.28-15.38万,cxLogo\4436.jpg
2212,97,翱龙CUV,暂无,cxLogo\2212.jpg
673,97,旗胜F1,暂无,cxLogo\673.jpg
2211,97,挑战者SUV,暂无,cxLogo\2211.jpg
2771,91,红旗H7,24.98-47.98万,cxLogo\2771.jpg
3108,91,红旗L5,500.00-500.00万,cxLogo\3108.jpg
4122,91,红旗B-Concept,暂无,cxLogo\4122.jpg
4410,91,红旗H5,暂无,cxLogo\4410.jpg
2789,91,红旗L7,暂无,cxLogo\2789.jpg
4424,91,红旗U-Concept,暂无,cxLogo\4424.jpg
3812,91,红旗LS5,暂无,cxLogo\3812.jpg
556,91,新明仕,暂无,cxLogo\556.jpg
428,91,红旗盛世,暂无,cxLogo\428.jpg
3424,91,红旗CA770,暂无,cxLogo\3424.jpg
2138,91,红旗L9,暂无,cxLogo\2138.jpg
2487,24,哈飞小霸王,3.28-3.78万,cxLogo\2487.jpg
2485,24,骏意,4.14-4.44万,cxLogo\2485.jpg
2486,24,民意,2.89-2.89万,cxLogo\2486.jpg
3038,24,中意V5,3.87-4.37万,cxLogo\3038.jpg
67,24,路宝,暂无,cxLogo\67.jpg
68,24,赛马,暂无,cxLogo\68.jpg
392,24,赛豹III,暂无,cxLogo\392.jpg
481,24,赛豹V,暂无,cxLogo\481.jpg
2536,24,路尊大霸王,暂无,cxLogo\2536.jpg
4065,260,华泰iEV230,18.65-22.55万,cxLogo\4065.jpg
4066,260,华泰XEV260,24.58-25.88万,cxLogo\4066.jpg
2754,164,途腾T1,5.98-6.98万,cxLogo\2754.jpg
2755,164,途腾T2,6.38-8.58万,cxLogo\2755.jpg
2973,164,途腾T3,6.98-8.38万,cxLogo\2973.jpg
3911,245,华凯皮卡,6.54-10.68万,cxLogo\3911.jpg
3607,220,华颂7,23.77-28.77万,cxLogo\3607.jpg
4483,87,圣达菲7,暂无,cxLogo\4483.jpg
2133,87,路盛E70,6.97-8.97万,cxLogo\2133.jpg
3803,87,路盛E80,6.18-7.18万,cxLogo\3803.jpg
2144,87,宝利格,11.58-11.58万,cxLogo\2144.jpg
3896,87,圣达菲,7.75-16.18万,cxLogo\3896.jpg
4518,87,圣达菲5,7.68-11.18万,cxLogo\4518.jpg
477,87,圣达菲经典,6.08-6.98万,cxLogo\477.jpg
3483,87,路盛E90,暂无,cxLogo\3483.jpg
2108,87,华泰B11,暂无,cxLogo\2108.jpg
290,87,特拉卡,暂无,cxLogo\290.jpg
4226,267,汉腾X5,暂无,cxLogo\4226.jpg
4130,267,汉腾X7,7.98-14.88万,cxLogo\4130.jpg
857,43,悍马HX,暂无,cxLogo\857.jpg
379,43,悍马H3,暂无,cxLogo\379.jpg
895,43,悍马H1,暂无,cxLogo\895.jpg
38,43,悍马H2,暂无,cxLogo\38.jpg
3148,170,VelociRaptor,暂无,cxLogo\3148.jpg
2873,170,Venom GT,暂无,cxLogo\2873.jpg
3844,237,天津大发TJ110,暂无,cxLogo\3844.jpg
570,85,海锋,暂无,cxLogo\570.jpg
461,85,海尚,暂无,cxLogo\461.jpg
194,85,海迅,暂无,cxLogo\194.jpg
460,85,海域,暂无,cxLogo\460.jpg
862,85,华普海景,暂无,cxLogo\862.jpg
3125,184,HORKI-1,暂无,cxLogo\3125.jpg
4170,184,华骐300E,暂无,cxLogo\4170.jpg
3915,240,Commodore,暂无,cxLogo\3915.jpg
3122,188,Vulcano,6680.00-6680.00万,cxLogo\3122.jpg
447,25,金刚,4.59-6.59万,cxLogo\447.jpg
3556,25,帝豪,6.98-10.08万,cxLogo\3556.jpg
4342,25,帝豪EV,19.58-21.58万,cxLogo\4342.jpg
4139,25,帝豪GL,7.88-11.38万,cxLogo\4139.jpg
474,25,远景,5.39-6.79万,cxLogo\474.jpg
3589,25,博瑞,11.98-22.98万,cxLogo\3589.jpg
4293,25,远景X1,3.99-5.79万,cxLogo\4293.jpg
4481,25,远景X3,5.09-6.59万,cxLogo\4481.jpg
3788,25,博越,9.88-15.78万,cxLogo\3788.jpg
3465,25,帝豪GS,7.78-10.88万,cxLogo\3465.jpg
4133,25,远景SUV,7.49-10.19万,cxLogo\4133.jpg
821,25,吉利GC6,暂无,cxLogo\821.jpg
2338,25,吉利GX5,暂无,cxLogo\2338.jpg
2322,25,吉利GX6,暂无,cxLogo\2322.jpg
2192,25,吉利GX2,暂无,cxLogo\2192.jpg
608,25,熊猫,暂无,cxLogo\608.jpg
133,25,豪情,暂无,cxLogo\133.jpg
2321,25,吉利EC6-RV,暂无,cxLogo\2321.jpg
2151,25,吉利GC3,暂无,cxLogo\2151.jpg
2840,25,吉利SC3,暂无,cxLogo\2840.jpg
2339,25,吉利SC5,暂无,cxLogo\2339.jpg
2111,25,吉利SC5-RV,暂无,cxLogo\2111.jpg
2166,25,吉利SC6-RV,暂无,cxLogo\2166.jpg
2156,25,金刚财富,暂无,cxLogo\2156.jpg
609,25,金鹰,暂无,cxLogo\609.jpg
132,25,英伦C5,暂无,cxLogo\132.jpg
421,25,优利欧,暂无,cxLogo\421.jpg
409,25,自由舰,暂无,cxLogo\409.jpg
2051,25,海景,暂无,cxLogo\2051.jpg
820,25,吉利GC5,暂无,cxLogo\820.jpg
2155,25,吉利GC7,暂无,cxLogo\2155.jpg
799,25,经典帝豪,暂无,cxLogo\799.jpg
841,25,英伦TX4,暂无,cxLogo\841.jpg
801,25,吉利EC8,暂无,cxLogo\801.jpg
827,25,吉利GE,暂无,cxLogo\827.jpg
2112,25,吉利SX5,暂无,cxLogo\2112.jpg
2158,25,吉利SX6,暂无,cxLogo\2158.jpg
2110,25,吉利EX7,暂无,cxLogo\2110.jpg
989,25,吉利GX7,暂无,cxLogo\989.jpg
2964,25,吉利SX7,暂无,cxLogo\2964.jpg
3467,25,豪情SUV,暂无,cxLogo\3467.jpg
840,25,吉利EX8,暂无,cxLogo\840.jpg
843,25,吉利EV8,暂无,cxLogo\843.jpg
842,25,吉利GV5,暂无,cxLogo\842.jpg
2157,25,吉利SV5,暂无,cxLogo\2157.jpg
2245,25,吉利GS,暂无,cxLogo\2245.jpg
138,25,美人豹,暂无,cxLogo\138.jpg
611,25,中国龙,暂无,cxLogo\611.jpg
291,46,北京JEEP,暂无,cxLogo\291.jpg
23,46,大切诺基,暂无,cxLogo\23.jpg
4072,46,自由侠,13.48-19.68万,cxLogo\4072.jpg
3845,46,指南者,15.98-24.18万,cxLogo\3845.jpg
3872,46,自由光,20.98-31.98万,cxLogo\3872.jpg
121,46,牧马人,42.99-54.99万,cxLogo\121.jpg
521,46,大切诺基(进口),57.99-77.99万,cxLogo\521.jpg
777,46,自由客,22.19-27.69万,cxLogo\777.jpg
3321,46,自由侠(海外),暂无,cxLogo\3321.jpg
504,46,指南者(进口),暂无,cxLogo\504.jpg
3062,46,自由光(进口),暂无,cxLogo\3062.jpg
263,46,自由人,暂无,cxLogo\263.jpg
2813,46,Jeep J12,暂无,cxLogo\2813.jpg
2026,46,切诺基(进口),暂无,cxLogo\2026.jpg
503,46,指挥官,暂无,cxLogo\503.jpg
3048,46,大切诺基 SRT,120.49-120.49万,cxLogo\3048.jpg
4088,84,江淮iEV6E,11.85-12.85万,cxLogo\4088.jpg
828,84,悦悦,3.88-4.18万,cxLogo\828.jpg
2956,84,和悦A30,5.29-7.69万,cxLogo\2956.jpg
3395,84,江淮iEV,12.85-15.85万,cxLogo\3395.jpg
616,84,和悦,6.28-7.58万,cxLogo\616.jpg
3363,84,瑞风A60,13.95-22.95万,cxLogo\3363.jpg
3545,84,瑞风S2,5.78-7.68万,cxLogo\3545.jpg
4087,84,瑞风S2mini,3.98-5.68万,cxLogo\4087.jpg
3080,84,瑞风S3,6.28-9.58万,cxLogo\3080.jpg
2752,84,瑞风S5,8.95-13.95万,cxLogo\2752.jpg
4234,84,瑞风S7,9.78-17.38万,cxLogo\4234.jpg
3351,84,瑞风M3,6.98-8.88万,cxLogo\3351.jpg
4090,84,瑞风M4,9.98-14.98万,cxLogo\4090.jpg
2543,84,瑞风M5,13.95-21.18万,cxLogo\2543.jpg
3490,84,凌铃,3.24-3.65万,cxLogo\3490.jpg
2541,84,瑞风,8.50-16.38万,cxLogo\2541.jpg
2569,84,星锐,11.57-21.47万,cxLogo\2569.jpg
2581,84,瑞铃,6.18-8.29万,cxLogo\2581.jpg
3546,84,帅铃T6,8.58-12.18万,cxLogo\3546.jpg
3407,84,和悦A13,5.28-5.88万,cxLogo\3407.jpg
3961,84,江淮iEV6S,21.98-21.98万,cxLogo\3961.jpg
2130,84,愿景IV,暂无,cxLogo\2130.jpg
3084,84,和悦A20,暂无,cxLogo\3084.jpg
4089,84,江淮iEV7C,暂无,cxLogo\4089.jpg
4444,84,江淮iEV7S,暂无,cxLogo\4444.jpg
4085,84,江淮SC-5,暂无,cxLogo\4085.jpg
3450,84,瑞风SC-9,暂无,cxLogo\3450.jpg
3061,84,瑞风M6,暂无,cxLogo\3061.jpg
2763,84,和悦SC,暂无,cxLogo\2763.jpg
3408,84,和悦A13RS,暂无,cxLogo\3408.jpg
660,84,同悦,暂无,cxLogo\660.jpg
617,84,同悦RS,暂无,cxLogo\617.jpg
567,84,宾悦,暂无,cxLogo\567.jpg
572,84,瑞鹰,暂无,cxLogo\572.jpg
816,84,瑞风M2,暂无,cxLogo\816.jpg
3443,84,江淮K3,暂无,cxLogo\3443.jpg
3444,84,江淮K5,暂无,cxLogo\3444.jpg
3456,84,征途,暂无,cxLogo\3456.jpg
4083,44,捷豹XFL,38.80-68.80万,cxLogo\4083.jpg
3312,44,捷豹XE,39.80-61.00万,cxLogo\3312.jpg
178,44,捷豹XJ,79.80-127.80万,cxLogo\178.jpg
3209,44,捷豹F-PACE,52.80-89.80万,cxLogo\3209.jpg
2903,44,捷豹F-TYPE,79.80-203.80万,cxLogo\2903.jpg
589,44,捷豹XF,暂无,cxLogo\589.jpg
4007,44,捷豹E-PACE,暂无,cxLogo\4007.jpg
4251,44,捷豹I-PACE,暂无,cxLogo\4251.jpg
2414,44,捷豹C-X16,暂无,cxLogo\2414.jpg
2217,44,捷豹C-X75,暂无,cxLogo\2217.jpg
2369,44,捷豹E-Type,暂无,cxLogo\2369.jpg
456,44,捷豹XK,暂无,cxLogo\456.jpg
328,44,捷豹X-Type,暂无,cxLogo\328.jpg
258,44,捷豹S-Type,暂无,cxLogo\258.jpg
991,44,捷豹C-Type,暂无,cxLogo\991.jpg
3094,44,捷豹D-Type,暂无,cxLogo\3094.jpg
4294,83,金杯F50,5.99-8.09万,cxLogo\4294.jpg
2537,83,阁瑞斯,7.98-27.78万,cxLogo\2537.jpg
2545,83,金杯大海狮,9.48-25.28万,cxLogo\2545.jpg
2810,83,金杯海狮,8.48-9.18万,cxLogo\2810.jpg
4237,83,金杯快运,6.98-7.48万,cxLogo\4237.jpg
2402,83,金杯S50,暂无,cxLogo\2402.jpg
3763,83,华晨金杯750,5.38-7.33万,cxLogo\3763.jpg
3955,83,海狮X30L,4.68-5.88万,cxLogo\3955.jpg
2601,83,海星A7,2.59-2.59万,cxLogo\2601.jpg
2711,83,海星A9,2.89-3.69万,cxLogo\2711.jpg
3136,83,小海狮X30,3.50-4.68万,cxLogo\3136.jpg
2837,83,海星T22,3.39-3.69万,cxLogo\2837.jpg
3721,83,金杯T30,3.59-4.39万,cxLogo\3721.jpg
3722,83,金杯T32,3.89-4.38万,cxLogo\3722.jpg
4312,83,金杯T52,4.88-5.18万,cxLogo\4312.jpg
2325,83,智尚S30,4.98-7.28万,cxLogo\2325.jpg
3898,83,智尚S35,5.98-7.88万,cxLogo\3898.jpg
3515,83,金杯S70,7.98-11.38万,cxLogo\3515.jpg
3853,83,西部牛仔,3.73-5.29万,cxLogo\3853.jpg
2659,83,大力神,6.68-9.48万,cxLogo\2659.jpg
4076,83,大力神K5,6.78-10.48万,cxLogo\4076.jpg
2660,83,金典,5.38-6.58万,cxLogo\2660.jpg
2665,83,雷龙,5.28-8.08万,cxLogo\2665.jpg
2986,145,金威,6.58-11.98万,cxLogo\2986.jpg
2985,145,凯歌,15.98-75.00万,cxLogo\2985.jpg
3549,145,凯特,22.60-23.60万,cxLogo\3549.jpg
3885,175,金旅大海狮新能源,75.00-75.00万,cxLogo\3885.jpg
2976,175,金旅海狮,6.59-8.98万,cxLogo\2976.jpg
4209,119,特顺,9.98-13.92万,cxLogo\4209.jpg
2514,119,宝典,7.68-11.06万,cxLogo\2514.jpg
2860,119,域虎,9.78-13.78万,cxLogo\2860.jpg
3681,270,江铃E100,暂无,cxLogo\3681.jpg
4388,270,江铃E200S,13.28-13.58万,cxLogo\4388.jpg
3320,151,艾菲,11.98-22.98万,cxLogo\3320.jpg
3628,151,九龙A4,9.98-14.98万,cxLogo\3628.jpg
2573,151,九龙A5,16.88-25.88万,cxLogo\2573.jpg
3981,210,骐铃T3,6.28-6.68万,cxLogo\3981.jpg
3466,210,骐铃T5,6.58-9.88万,cxLogo\3466.jpg
3639,210,骐铃T7,7.28-12.18万,cxLogo\3639.jpg
3207,47,凯迪拉克ATS-L,29.88-42.88万,cxLogo\3207.jpg
3802,47,凯迪拉克CT6,43.99-81.88万,cxLogo\3802.jpg
2949,47,凯迪拉克XTS,34.99-47.99万,cxLogo\2949.jpg
3989,47,凯迪拉克XT5,35.99-53.99万,cxLogo\3989.jpg
488,47,SLS赛威,暂无,cxLogo\488.jpg
970,47,凯迪拉克CTS,暂无,cxLogo\970.jpg
462,47,凯雷德ESCALADE,148.80-148.80万,cxLogo\462.jpg
311,47,凯迪拉克CTS(进口),42.80-51.80万,cxLogo\311.jpg
2629,47,凯迪拉克ATS(进口),暂无,cxLogo\2629.jpg
3359,47,凯迪拉克CT6(海外),暂无,cxLogo\3359.jpg
2087,47,凯迪拉克XTS(海外),暂无,cxLogo\2087.jpg
2401,47,Ciel,暂无,cxLogo\2401.jpg
4185,47,Escala,暂无,cxLogo\4185.jpg
3647,47,凯迪拉克XT5(海外),暂无,cxLogo\3647.jpg
3190,47,Elmiraj,暂无,cxLogo\3190.jpg
752,47,凯迪拉克ELR,暂无,cxLogo\752.jpg
637,47,凯迪拉克BLS,暂无,cxLogo\637.jpg
3169,47,Seville,暂无,cxLogo\3169.jpg
2036,47,凯迪拉克SLS(海外),暂无,cxLogo\2036.jpg
402,47,凯迪拉克STS,暂无,cxLogo\402.jpg
3421,47,Brougham,暂无,cxLogo\3421.jpg
238,47,DeVille,暂无,cxLogo\238.jpg
3355,47,弗雷特伍德,暂无,cxLogo\3355.jpg
49,47,凯迪拉克SRX,暂无,cxLogo\49.jpg
426,47,凯迪拉克XLR,暂无,cxLogo\426.jpg
3360,199,卡威K1,7.98-9.38万,cxLogo\3360.jpg
4172,199,卡威K150,9.38-12.98万,cxLogo\4172.jpg
3511,199,卡威W1,9.48-9.78万,cxLogo\3511.jpg
4039,101,开瑞K60,5.88-7.78万,cxLogo\4039.jpg
3384,101,开瑞K50,4.48-7.18万,cxLogo\3384.jpg
2493,101,优胜2代,3.09-4.43万,cxLogo\2493.jpg
3156,101,优雅2代,4.29-5.99万,cxLogo\3156.jpg
2476,101,优优,3.45-4.50万,cxLogo\2476.jpg
3017,101,优优2代,3.40-4.40万,cxLogo\3017.jpg
2496,101,优劲,3.45-4.35万,cxLogo\2496.jpg
3854,101,杰虎,6.48-8.58万,cxLogo\3854.jpg
2484,101,优雅,4.18-5.78万,cxLogo\2484.jpg
4478,101,开瑞K50EV,暂无,cxLogo\4478.jpg
4477,101,优优EV,暂无,cxLogo\4477.jpg
517,101,优翼,暂无,cxLogo\517.jpg
2489,101,优派,暂无,cxLogo\2489.jpg
2492,101,优胜,暂无,cxLogo\2492.jpg
4095,214,凯翼X5,暂无,cxLogo\4095.jpg
3586,214,凯翼C3,4.58-6.08万,cxLogo\3586.jpg
3581,214,凯翼C3R,4.58-6.08万,cxLogo\3581.jpg
3983,214,凯翼X3,6.66-9.69万,cxLogo\3983.jpg
3971,214,凯翼V3,6.28-7.88万,cxLogo\3971.jpg
3580,214,凯翼i-CX,暂无,cxLogo\3580.jpg
566,9,铂锐,暂无,cxLogo\566.jpg
487,9,克莱斯勒300C,暂无,cxLogo\487.jpg
227,9,大捷龙,暂无,cxLogo\227.jpg
342,9,克莱斯勒300C(进口),39.99-49.19万,cxLogo\342.jpg
2207,9,大捷龙(进口),44.68-49.69万,cxLogo\2207.jpg
2224,9,克莱斯勒200,暂无,cxLogo\2224.jpg
4002,9,Pacifica,暂无,cxLogo\4002.jpg
4284,9,Portal,暂无,cxLogo\4284.jpg
2231,9,Town and Country,暂无,cxLogo\2231.jpg
380,9,PT 漫步者,暂无,cxLogo\380.jpg
734,9,克莱斯勒200C,暂无,cxLogo\734.jpg
3051,9,克莱斯勒300C SRT,暂无,cxLogo\3051.jpg
911,109,X-BOW,139.00-139.00万,cxLogo\911.jpg
2068,100,Agera,暂无,cxLogo\2068.jpg
3377,100,One:1,暂无,cxLogo\3377.jpg
3741,100,Regera,暂无,cxLogo\3741.jpg
730,100,科尼赛克CCR,暂无,cxLogo\730.jpg
732,100,科尼赛克CCXR,暂无,cxLogo\732.jpg
2612,156,卡尔森 C25,暂无,cxLogo\2612.jpg
2611,156,卡尔森 S级,暂无,cxLogo\2611.jpg
2610,156,卡尔森 GL级,暂无,cxLogo\2610.jpg
2419,139,战盾,暂无,cxLogo\2419.jpg
2063,52,雷克萨斯CT,22.90-34.80万,cxLogo\2063.jpg
201,52,雷克萨斯IS,32.49-45.30万,cxLogo\201.jpg
403,52,雷克萨斯ES,29.80-49.80万,cxLogo\403.jpg
261,52,雷克萨斯GS,45.90-79.90万,cxLogo\261.jpg
341,52,雷克萨斯LS,149.00-238.80万,cxLogo\341.jpg
3442,52,雷克萨斯NX,31.80-59.90万,cxLogo\3442.jpg
112,52,雷克萨斯GX,84.80-94.68万,cxLogo\112.jpg
3934,52,雷克萨斯RX,41.80-86.90万,cxLogo\3934.jpg
352,52,雷克萨斯LX,138.60-146.90万,cxLogo\352.jpg
3758,52,雷克萨斯RC,48.80-58.60万,cxLogo\3758.jpg
3737,52,雷克萨斯LF-SA,暂无,cxLogo\3737.jpg
3944,52,雷克萨斯LF-FC,暂无,cxLogo\3944.jpg
4197,52,雷克萨斯UX,暂无,cxLogo\4197.jpg
2623,52,雷克萨斯LC,暂无,cxLogo\2623.jpg
3658,52,雷克萨斯LF-C2,暂无,cxLogo\3658.jpg
720,52,雷克萨斯HS,暂无,cxLogo\720.jpg
2307,52,雷克萨斯LF-Gh,暂无,cxLogo\2307.jpg
698,52,雷克萨斯LF-Xh,暂无,cxLogo\698.jpg
3203,52,雷克萨斯LF-NX,暂无,cxLogo\3203.jpg
351,52,雷克萨斯RX经典,暂无,cxLogo\351.jpg
2900,52,雷克萨斯LF-CC,暂无,cxLogo\2900.jpg
332,52,雷克萨斯SC,暂无,cxLogo\332.jpg
3238,52,雷克萨斯RC F,111.60-128.60万,cxLogo\3238.jpg
3756,52,雷克萨斯IS F,暂无,cxLogo\3756.jpg
3755,52,雷克萨斯GS F,暂无,cxLogo\3755.jpg
697,52,雷克萨斯LFA,暂无,cxLogo\697.jpg
3871,49,发现神行,35.80-51.80万,cxLogo\3871.jpg
3521,49,揽胜极光,38.80-57.80万,cxLogo\3521.jpg
4316,49,揽胜星脉,暂无,cxLogo\4316.jpg
754,49,揽胜极光(进口),69.80-69.80万,cxLogo\754.jpg
802,49,发现,79.80-110.80万,cxLogo\802.jpg
850,49,揽胜运动版,92.80-229.80万,cxLogo\850.jpg
69,49,揽胜,158.80-332.80万,cxLogo\69.jpg
2410,49,路虎DC100,暂无,cxLogo\2410.jpg
3565,49,发现神行(进口),暂无,cxLogo\3565.jpg
256,49,卫士,暂无,cxLogo\256.jpg
3435,49,发现 Vision,暂无,cxLogo\3435.jpg
77,49,神行者2,暂无,cxLogo\77.jpg
3174,49,Series I,暂无,cxLogo\3174.jpg
3177,49,神行者,暂无,cxLogo\3177.jpg
75,53,北斗星,3.99-4.49万,cxLogo\75.jpg
3216,53,北斗星X5,4.69-5.19万,cxLogo\3216.jpg
3112,53,利亚纳A6,5.49-6.09万,cxLogo\3112.jpg
2049,53,派喜,暂无,cxLogo\2049.jpg
432,53,利亚纳,暂无,cxLogo\432.jpg
2534,53,浪迪,暂无,cxLogo\2534.jpg
872,53,奥拓,4.18-6.19万,cxLogo\872.jpg
362,53,雨燕,5.48-8.28万,cxLogo\362.jpg
3528,53,启悦,7.89-11.39万,cxLogo\3528.jpg
529,53,天语 SX4,7.98-9.98万,cxLogo\529.jpg
3858,53,维特拉,9.98-15.98万,cxLogo\3858.jpg
4435,53,骁途,9.98-15.98万,cxLogo\4435.jpg
3185,53,锋驭,10.98-16.48万,cxLogo\3185.jpg
94,53,羚羊,暂无,cxLogo\94.jpg
2242,53,天语 尚悦,暂无,cxLogo\2242.jpg
892,53,凯泽西,18.88-27.48万,cxLogo\892.jpg
508,53,吉姆尼(进口),14.18-16.08万,cxLogo\508.jpg
3926,53,英格尼斯,12.90-12.90万,cxLogo\3926.jpg
500,53,超级维特拉,26.48-27.48万,cxLogo\500.jpg
2176,53,速翼特,17.88-18.88万,cxLogo\2176.jpg
3358,53,CELERIO,暂无,cxLogo\3358.jpg
674,53,奥拓(海外),暂无,cxLogo\674.jpg
2708,53,铃木G70,暂无,cxLogo\2708.jpg
707,53,Splash(海外),暂无,cxLogo\707.jpg
3744,53,铃木iK-2,暂无,cxLogo\3744.jpg
3476,53,ALIVIO(海外),暂无,cxLogo\3476.jpg
3047,53,Authentics(海外),暂无,cxLogo\3047.jpg
3888,53,Baleno,暂无,cxLogo\3888.jpg
3584,53,VITARA(海外),暂无,cxLogo\3584.jpg
4036,53,锋驭(海外),暂无,cxLogo\4036.jpg
3745,53,铃木iM-4,暂无,cxLogo\3745.jpg
3212,53,铃木iV-4,暂无,cxLogo\3212.jpg
2905,53,S-CROSS,暂无,cxLogo\2905.jpg
2225,53,铃木SX4(海外),暂无,cxLogo\2225.jpg
4098,10,科雷傲,17.98-26.98万,cxLogo\4098.jpg
3870,10,科雷嘉,13.98-20.88万,cxLogo\3870.jpg
908,10,风朗,16.58-18.98万,cxLogo\908.jpg
2184,10,纬度,19.68-28.48万,cxLogo\2184.jpg
2268,10,卡缤,13.98-17.98万,cxLogo\2268.jpg
196,10,梅甘娜,33.99-35.99万,cxLogo\196.jpg
887,10,Twingo,暂无,cxLogo\887.jpg
3077,10,Twizy,暂无,cxLogo\3077.jpg
2706,10,雷诺ZOE,暂无,cxLogo\2706.jpg
784,10,Clio,暂无,cxLogo\784.jpg
3612,10,Eolab,暂无,cxLogo\3612.jpg
3368,10,Kwid,暂无,cxLogo\3368.jpg
2765,10,塔利斯曼,暂无,cxLogo\2765.jpg
686,10,科雷傲(进口),暂无,cxLogo\686.jpg
3717,10,科雷嘉(海外),暂无,cxLogo\3717.jpg
2029,10,Espace,暂无,cxLogo\2029.jpg
3211,10,Initiale,暂无,cxLogo\3211.jpg
199,10,风景,暂无,cxLogo\199.jpg
2830,10,Alpine A110-50,暂无,cxLogo\2830.jpg
4032,10,Alpine Vision,暂无,cxLogo\4032.jpg
4210,10,TREZOR,暂无,cxLogo\4210.jpg
3905,10,Alaskan,暂无,cxLogo\3905.jpg
188,10,拉古那,暂无,cxLogo\188.jpg
257,10,威赛帝,暂无,cxLogo\257.jpg
2189,10,DeZir,暂无,cxLogo\2189.jpg
2052,10,Wind,暂无,cxLogo\2052.jpg
4329,80,力帆620EV,21.98-21.98万,cxLogo\4329.jpg
3326,80,力帆820,7.68-11.98万,cxLogo\3326.jpg
3220,80,力帆X50,5.98-8.28万,cxLogo\3220.jpg
2134,80,力帆X60,7.54-9.09万,cxLogo\2134.jpg
3987,80,迈威,5.78-7.98万,cxLogo\3987.jpg
3759,80,力帆X80,10.99-14.99万,cxLogo\3759.jpg
4194,80,轩朗,6.98-10.68万,cxLogo\4194.jpg
2503,80,丰顺,3.28-4.94万,cxLogo\2503.jpg
2800,80,福顺,2.78-3.18万,cxLogo\2800.jpg
3631,80,乐途,3.58-5.98万,cxLogo\3631.jpg
2502,80,兴顺,3.78-4.58万,cxLogo\2502.jpg
3228,80,力帆T11,2.78-3.18万,cxLogo\3228.jpg
3797,80,力帆X70,暂无,cxLogo\3797.jpg
597,80,力帆320,暂无,cxLogo\597.jpg
3082,80,力帆330,暂无,cxLogo\3082.jpg
2957,80,力帆530,暂无,cxLogo\2957.jpg
443,80,力帆520,暂无,cxLogo\443.jpg
596,80,力帆620,暂无,cxLogo\596.jpg
3083,80,力帆630,暂无,cxLogo\3083.jpg
2312,80,力帆720,暂无,cxLogo\2312.jpg
4111,78,猎豹CS9,7.68-11.68万,cxLogo\4111.jpg
3472,78,猎豹CS10,8.98-14.68万,cxLogo\3472.jpg
961,78,黑金刚,10.98-17.98万,cxLogo\961.jpg
3150,78,猎豹Q6,11.99-18.98万,cxLogo\3150.jpg
4126,78,猎豹CT7,8.98-11.98万,cxLogo\4126.jpg
706,78,飞腾,暂无,cxLogo\706.jpg
845,78,欧酷曼,暂无,cxLogo\845.jpg
815,78,猎豹CS7,暂无,cxLogo\815.jpg
3124,78,飞腾C5,暂无,cxLogo\3124.jpg
962,78,猎豹6481,暂无,cxLogo\962.jpg
569,78,猎豹CS6,暂无,cxLogo\569.jpg
568,78,骐菱,暂无,cxLogo\568.jpg
2520,78,飞铃,暂无,cxLogo\2520.jpg
2521,78,飞扬,暂无,cxLogo\2521.jpg
3034,78,猎豹CT5,暂无,cxLogo\3034.jpg
793,51,林肯MKZ,28.48-40.88万,cxLogo\793.jpg
3731,51,林肯大陆,41.88-61.38万,cxLogo\3731.jpg
2991,51,林肯MKC,29.88-45.88万,cxLogo\2991.jpg
758,51,林肯MKX,44.98-65.98万,cxLogo\758.jpg
95,51,领航员,98.88-98.88万,cxLogo\95.jpg
869,51,林肯MKS,暂无,cxLogo\869.jpg
794,51,林肯MKT,暂无,cxLogo\794.jpg
870,51,林肯C,暂无,cxLogo\870.jpg
103,51,城市,暂无,cxLogo\103.jpg
265,54,幻影,688.00-800.80万,cxLogo\265.jpg
836,54,古思特,419.00-610.00万,cxLogo\836.jpg
3015,54,魅影,473.00-547.00万,cxLogo\3015.jpg
3838,54,曜影,477.80-477.80万,cxLogo\3838.jpg
3724,54,Silver Shadow,暂无,cxLogo\3724.jpg
4302,88,陆风X2,6.38-8.88万,cxLogo\4302.jpg
2883,88,陆风X5,7.98-11.58万,cxLogo\2883.jpg
3413,88,陆风X7,12.98-14.78万,cxLogo\3413.jpg
833,88,陆风X8,11.38-15.19万,cxLogo\833.jpg
4233,88,逍遥,暂无,cxLogo\4233.jpg
571,88,风华,暂无,cxLogo\571.jpg
501,88,陆风X6,暂无,cxLogo\501.jpg
635,88,陆风X9,暂无,cxLogo\635.jpg
468,88,风尚,暂无,cxLogo\468.jpg
3277,48,Huracan,299.00-429.09万,cxLogo\3277.jpg
2277,48,Aventador,648.80-801.15万,cxLogo\2277.jpg
2775,48,Urus,暂无,cxLogo\2775.jpg
3623,48,Asterion,暂无,cxLogo\3623.jpg
4033,48,Centenario,暂无,cxLogo\4033.jpg
3760,48,Diablo,暂无,cxLogo\3760.jpg
3137,48,Egoista,暂无,cxLogo\3137.jpg
3020,48,Veneno,暂无,cxLogo\3020.jpg
2655,48,兰博基尼LM002,暂无,cxLogo\2655.jpg
739,48,Estoque,暂无,cxLogo\739.jpg
354,48,Gallardo,暂无,cxLogo\354.jpg
174,48,Murcielago,暂无,cxLogo\174.jpg
727,48,Reventon,暂无,cxLogo\727.jpg
2215,48,Sesto Elemento,暂无,cxLogo\2215.jpg
272,50,Elise,50.00-50.00万,cxLogo\272.jpg
681,50,Evora,85.00-85.00万,cxLogo\681.jpg
891,50,Exige,82.00-82.00万,cxLogo\891.jpg
2221,50,Elan,暂无,cxLogo\2221.jpg
2223,50,Elite,暂无,cxLogo\2223.jpg
330,50,Esprit,暂无,cxLogo\330.jpg
2620,50,Europa,暂无,cxLogo\2620.jpg
2248,124,理念S1,6.78-9.98万,cxLogo\2248.jpg
2782,89,莲花L6,暂无,cxLogo\2782.jpg
2802,89,莲花T5,暂无,cxLogo\2802.jpg
583,89,竞速,暂无,cxLogo\583.jpg
691,89,竞悦,暂无,cxLogo\691.jpg
928,89,莲花L3,暂无,cxLogo\928.jpg
2125,89,莲花L5,暂无,cxLogo\2125.jpg
4121,265,LeSEE,暂无,cxLogo\4121.jpg
2271,121,Ypsilon,暂无,cxLogo\2271.jpg
3105,183,朗世,暂无,cxLogo\3105.jpg
4402,279,领克03,暂无,cxLogo\4402.jpg
4225,279,LYNK概念车,暂无,cxLogo\4225.jpg
4224,279,01概念车,暂无,cxLogo\4224.jpg
4221,279,领克01,暂无,cxLogo\4221.jpg
3666,225,领志i1,暂无,cxLogo\3666.jpg
3294,58,马自达3 Axela昂克赛拉,11.29-16.29万,cxLogo\3294.jpg
2418,58,马自达3星骋,9.48-12.58万,cxLogo\2418.jpg
2987,58,马自达CX-5,16.98-24.58万,cxLogo\2987.jpg
433,58,马自达2,暂无,cxLogo\433.jpg
641,58,马自达2劲翔,暂无,cxLogo\641.jpg
363,58,马自达3,暂无,cxLogo\363.jpg
3154,58,阿特兹,17.58-23.58万,cxLogo\3154.jpg
3968,58,马自达CX-4,14.08-21.58万,cxLogo\3968.jpg
22,58,马自达6,暂无,cxLogo\22.jpg
655,58,睿翼,暂无,cxLogo\655.jpg
3066,58,马自达CX-7,暂无,cxLogo\3066.jpg
2118,58,马自达8,暂无,cxLogo\2118.jpg
672,58,马自达MX-5,29.98-29.98万,cxLogo\672.jpg
3394,58,Hazumi,暂无,cxLogo\3394.jpg
946,58,马自达2(海外),暂无,cxLogo\946.jpg
584,58,马自达3(进口),暂无,cxLogo\584.jpg
3096,58,ATENZA,暂无,cxLogo\3096.jpg
2518,58,Takeri,暂无,cxLogo\2518.jpg
728,58,马自达6(进口),暂无,cxLogo\728.jpg
3538,58,马自达CX-3,暂无,cxLogo\3538.jpg
3887,58,KOERU越,暂无,cxLogo\3887.jpg
2284,58,Minagi,暂无,cxLogo\2284.jpg
2391,58,马自达CX-5(进口),暂无,cxLogo\2391.jpg
1005,58,马自达CX-9,暂无,cxLogo\1005.jpg
3942,58,马自达RX-VISION,暂无,cxLogo\3942.jpg
2202,58,Shinari,暂无,cxLogo\2202.jpg
658,58,马自达CX-7(进口),暂无,cxLogo\658.jpg
578,58,马自达5,暂无,cxLogo\578.jpg
304,58,马自达8(进口),暂无,cxLogo\304.jpg
2647,58,马自达RX-7,暂无,cxLogo\2647.jpg
295,58,马自达RX-8,暂无,cxLogo\295.jpg
2147,20,名爵3,5.98-9.38万,cxLogo\2147.jpg
555,20,名爵3SW,8.77-8.77万,cxLogo\555.jpg
835,20,名爵6,11.98-18.18万,cxLogo\835.jpg
3547,20,锐行,7.79-12.99万,cxLogo\3547.jpg
4247,20,名爵ZS,7.38-11.58万,cxLogo\4247.jpg
3065,20,锐腾,9.88-17.58万,cxLogo\3065.jpg
2758,20,ICON,暂无,cxLogo\2758.jpg
3815,20,名爵iGS,暂无,cxLogo\3815.jpg
4395,20,名爵E-motion,暂无,cxLogo\4395.jpg
532,20,名爵5,暂无,cxLogo\532.jpg
531,20,名爵7,暂无,cxLogo\531.jpg
533,20,名爵TF,暂无,cxLogo\533.jpg
3060,57,Ghibli,91.10-139.80万,cxLogo\3060.jpg
289,57,总裁,146.00-146.00万,cxLogo\289.jpg
2428,57,Levante,99.98-147.80万,cxLogo\2428.jpg
551,57,GranTurismo,246.80-288.80万,cxLogo\551.jpg
903,57,GranCabrio,268.80-302.80万,cxLogo\903.jpg
3402,57,Alfieri,暂无,cxLogo\3402.jpg
322,57,Coupe,暂无,cxLogo\322.jpg
2709,57,玛莎拉蒂MC12,暂无,cxLogo\2709.jpg
191,57,玛莎拉蒂Spyder,暂无,cxLogo\191.jpg
209,56,MINI,18.50-39.50万,cxLogo\209.jpg
749,56,MINI CLUBMAN,24.90-38.10万,cxLogo\749.jpg
750,56,MINI COUNTRYMAN,28.60-39.60万,cxLogo\750.jpg
2276,56,MINI ROCKETMAN,暂无,cxLogo\2276.jpg
2676,56,MINI CLUBVAN,暂无,cxLogo\2676.jpg
4152,56,MINI VISION Next100,暂无,cxLogo\4152.jpg
3516,56,MINI Superleggera Vision,暂无,cxLogo\3516.jpg
930,56,MINI ROADSTER,暂无,cxLogo\930.jpg
2241,56,MINI PACEMAN,暂无,cxLogo\2241.jpg
904,56,MINI COUPE,暂无,cxLogo\904.jpg
3178,56,MINI JCW,35.50-39.10万,cxLogo\3178.jpg
3179,56,MINI JCW CLUBMAN,39.50-43.10万,cxLogo\3179.jpg
3181,56,MINI JCW COUNTRYMAN,41.60-45.60万,cxLogo\3181.jpg
3182,56,MINI JCW PACEMAN,暂无,cxLogo\3182.jpg
3180,56,MINI JCW COUPE,暂无,cxLogo\3180.jpg
2902,129,迈凯伦P1,1260.00-1260.00万,cxLogo\2902.jpg
3809,129,迈凯伦540C,225.00-225.00万,cxLogo\3809.jpg
4040,129,迈凯伦570GT,273.10-273.10万,cxLogo\4040.jpg
3767,129,迈凯伦570S,255.60-255.60万,cxLogo\3767.jpg
3620,129,迈凯伦625C,349.80-381.80万,cxLogo\3620.jpg
3382,129,迈凯伦650S,375.80-406.80万,cxLogo\3382.jpg
3733,129,迈凯伦675LT,493.30-493.30万,cxLogo\3733.jpg
4366,129,迈凯伦720S,405.40-405.40万,cxLogo\4366.jpg
2293,129,迈凯伦12C,暂无,cxLogo\2293.jpg
3024,129,迈凯伦F1,暂无,cxLogo\3024.jpg
4049,168,摩根EV3,暂无,cxLogo\4049.jpg
3491,168,3 Wheeler,88.00-89.37万,cxLogo\3491.jpg
2835,168,摩根Aero,323.75-417.19万,cxLogo\2835.jpg
3736,168,摩根Aero 8,268.00-268.00万,cxLogo\3736.jpg
2836,168,摩根Plus 8,248.00-248.00万,cxLogo\2836.jpg
389,55,迈巴赫,暂无,cxLogo\389.jpg
4497,130,U5 SUV,暂无,cxLogo\4497.jpg
2988,130,纳5,8.58-11.98万,cxLogo\2988.jpg
3939,130,锐3,5.98-9.68万,cxLogo\3939.jpg
3293,130,优6 SUV,11.98-16.98万,cxLogo\3293.jpg
2295,130,大7 SUV,17.98-29.30万,cxLogo\2295.jpg
3040,130,大7 MPV,16.98-24.98万,cxLogo\3040.jpg
2296,130,MASTER CEO,39.80-41.80万,cxLogo\2296.jpg
2320,130,neora,暂无,cxLogo\2320.jpg
2609,130,S5 TURBO,暂无,cxLogo\2609.jpg
3242,130,U6 TURBO,暂无,cxLogo\3242.jpg
3432,213,开沃D11,13.60-75.80万,cxLogo\3432.jpg
4323,228,QUANT 48Volt,暂无,cxLogo\4323.jpg
3746,228,Quantino,暂无,cxLogo\3746.jpg
4470,295,NEVS 9-3,暂无,cxLogo\4470.jpg
4471,295,NEVS 9-3X,暂无,cxLogo\4471.jpg
2377,136,Noble M600,暂无,cxLogo\2377.jpg
4096,60,讴歌CDX,22.98-31.28万,cxLogo\4096.jpg
4381,60,讴歌TLX-L,暂无,cxLogo\4381.jpg
2642,60,讴歌ILX,29.80-32.80万,cxLogo\2642.jpg
3328,60,讴歌TLX,38.98-43.90万,cxLogo\3328.jpg
2748,60,讴歌RLX,85.80-109.80万,cxLogo\2748.jpg
888,60,讴歌RDX,39.98-45.98万,cxLogo\888.jpg
524,60,讴歌MDX,69.80-84.80万,cxLogo\524.jpg
806,60,讴歌ZDX,88.80-88.80万,cxLogo\806.jpg
2641,60,讴歌NSX,289.00-289.00万,cxLogo\2641.jpg
755,60,讴歌TSX,暂无,cxLogo\755.jpg
3109,60,SUV-X,暂无,cxLogo\3109.jpg
479,60,讴歌TL,暂无,cxLogo\479.jpg
464,60,讴歌RL,暂无,cxLogo\464.jpg
2563,146,欧朗,暂无,cxLogo\2563.jpg
2859,59,欧宝Adam,暂无,cxLogo\2859.jpg
3679,59,Karl,暂无,cxLogo\3679.jpg
753,59,欧宝Corsa,暂无,cxLogo\753.jpg
785,59,Ampera,暂无,cxLogo\785.jpg
348,59,雅特,暂无,cxLogo\348.jpg
653,59,英速亚,暂无,cxLogo\653.jpg
4295,59,欧宝Crossland X,暂无,cxLogo\4295.jpg
2645,59,欧宝Mokka,暂无,cxLogo\2645.jpg
3912,59,Vivaro,暂无,cxLogo\3912.jpg
2021,59,麦瑞纳,暂无,cxLogo\2021.jpg
381,59,赛飞利,暂无,cxLogo\381.jpg
3193,59,Monza,暂无,cxLogo\3193.jpg
2916,59,欧宝Cascada,暂无,cxLogo\2916.jpg
2092,59,欧宝GT,暂无,cxLogo\2092.jpg
182,59,威达,暂无,cxLogo\182.jpg
670,59,安德拉,暂无,cxLogo\670.jpg
2263,61,Huayra,2900.00-2900.00万,cxLogo\2263.jpg
366,61,Zonda,暂无,cxLogo\366.jpg
3092,186,CEVENNES,暂无,cxLogo\3092.jpg
3102,186,HEMERA,暂无,cxLogo\3102.jpg
4505,62,KX CROSS,7.49-8.59万,cxLogo\4505.jpg
2319,62,起亚K2,7.29-10.39万,cxLogo\2319.jpg
2886,62,起亚K3,9.68-15.08万,cxLogo\2886.jpg
4523,62,凯绅,12.88-14.98万,cxLogo\4523.jpg
3286,62,起亚K4,12.88-18.88万,cxLogo\3286.jpg
2246,62,起亚K5,16.48-24.88万,cxLogo\2246.jpg
3664,62,起亚KX3,11.68-17.78万,cxLogo\3664.jpg
3954,62,起亚KX5,15.68-23.18万,cxLogo\3954.jpg
2137,62,智跑,14.48-18.98万,cxLogo\2137.jpg
4200,62,起亚KX7,17.98-27.68万,cxLogo\4200.jpg
813,62,福瑞迪,9.88-11.98万,cxLogo\813.jpg
4387,62,焕驰,暂无,cxLogo\4387.jpg
142,62,千里马,暂无,cxLogo\142.jpg
454,62,锐欧,暂无,cxLogo\454.jpg
876,62,秀尔,暂无,cxLogo\876.jpg
413,62,赛拉图,暂无,cxLogo\413.jpg
3385,62,起亚K3S,暂无,cxLogo\3385.jpg
298,62,远舰,暂无,cxLogo\298.jpg
565,62,狮跑,暂无,cxLogo\565.jpg
284,62,嘉华,暂无,cxLogo\284.jpg
1010,62,凯尊,24.58-32.46万,cxLogo\1010.jpg
2681,62,起亚K9,55.80-75.88万,cxLogo\2681.jpg
3198,62,极睿,14.98-18.98万,cxLogo\3198.jpg
281,62,索兰托,23.78-37.06万,cxLogo\281.jpg
591,62,霸锐,41.68-41.68万,cxLogo\591.jpg
453,62,佳乐,16.08-20.68万,cxLogo\453.jpg
3448,62,嘉华(进口),26.98-39.24万,cxLogo\3448.jpg
1016,62,速迈,18.08-22.78万,cxLogo\1016.jpg
2032,62,Picanto,暂无,cxLogo\2032.jpg
3018,62,Provo,暂无,cxLogo\3018.jpg
666,62,Soul,暂无,cxLogo\666.jpg
2274,62,锐欧(海外),暂无,cxLogo\2274.jpg
757,62,Forte,暂无,cxLogo\757.jpg
919,62,Venga,暂无,cxLogo\919.jpg
899,62,起亚Cee’d,暂无,cxLogo\899.jpg
2866,62,起亚K3(海外),暂无,cxLogo\2866.jpg
890,62,起亚K5(进口),暂无,cxLogo\890.jpg
2420,62,Stinger,暂无,cxLogo\2420.jpg
3265,62,起亚K900,暂无,cxLogo\3265.jpg
452,62,SPORTAGE,暂无,cxLogo\452.jpg
3342,62,GT4 Stinger,暂无,cxLogo\3342.jpg
275,62,欧菲莱斯,暂无,cxLogo\275.jpg
502,62,起亚VQ,暂无,cxLogo\502.jpg
2989,26,奇瑞QQ,3.79-5.09万,cxLogo\2989.jpg
837,26,风云2,4.29-4.69万,cxLogo\837.jpg
2953,26,奇瑞E3,5.29-6.49万,cxLogo\2953.jpg
3405,26,艾瑞泽5,5.89-9.79万,cxLogo\3405.jpg
2980,26,艾瑞泽7,7.99-10.39万,cxLogo\2980.jpg
4223,26,艾瑞泽7e,17.99-21.29万,cxLogo\4223.jpg
2324,26,奇瑞E5,6.58-8.48万,cxLogo\2324.jpg
3397,26,瑞虎3,6.89-9.29万,cxLogo\3397.jpg
4099,26,瑞虎3x,5.59-8.39万,cxLogo\4099.jpg
3195,26,瑞虎5,8.88-12.38万,cxLogo\3195.jpg
3766,26,瑞虎7,9.79-15.09万,cxLogo\3766.jpg
3157,26,艾瑞泽3,5.79-7.49万,cxLogo\3157.jpg
3300,26,艾瑞泽M7,7.99-10.79万,cxLogo\3300.jpg
2772,26,奇瑞@ANT,暂无,cxLogo\2772.jpg
4084,26,奇瑞FV2030,暂无,cxLogo\4084.jpg
3446,26,concept β,暂无,cxLogo\3446.jpg
2759,26,奇瑞TX,暂无,cxLogo\2759.jpg
87,26,奇瑞QQ3,暂无,cxLogo\87.jpg
478,26,奇瑞QQ6,暂无,cxLogo\478.jpg
612,26,奇瑞QQme,暂无,cxLogo\612.jpg
996,26,旗云1,暂无,cxLogo\996.jpg
518,26,奇瑞A1,暂无,cxLogo\518.jpg
85,26,旗云,暂无,cxLogo\85.jpg
2178,26,旗云2,暂无,cxLogo\2178.jpg
84,26,风云,暂无,cxLogo\84.jpg
530,26,奇瑞A3,暂无,cxLogo\530.jpg
434,26,奇瑞A5,暂无,cxLogo\434.jpg
3445,26,奇瑞α5,暂无,cxLogo\3445.jpg
3072,26,奇瑞α7,暂无,cxLogo\3072.jpg
2180,26,旗云3,暂无,cxLogo\2180.jpg
83,26,东方之子,暂无,cxLogo\83.jpg
2331,26,旗云5,暂无,cxLogo\2331.jpg
621,26,东方之子6,暂无,cxLogo\621.jpg
854,26,奇瑞X1,暂无,cxLogo\854.jpg
396,26,瑞虎,暂无,cxLogo\396.jpg
3071,26,奇瑞β5,暂无,cxLogo\3071.jpg
451,26,东方之子Cross,暂无,cxLogo\451.jpg
3648,26,奇瑞eQ,15.99-17.19万,cxLogo\3648.jpg
4218,26,奇瑞eQ1,15.59-20.59万,cxLogo\4218.jpg
4262,26,艾瑞泽5e,21.28-23.28万,cxLogo\4262.jpg
2955,122,晨风,24.28-26.18万,cxLogo\2955.jpg
2341,122,启辰D50,6.98-8.58万,cxLogo\2341.jpg
2867,122,启辰R50,6.98-8.58万,cxLogo\2867.jpg
3226,122,启辰R50X,7.45-8.98万,cxLogo\3226.jpg
3618,122,启辰T70,8.98-12.78万,cxLogo\3618.jpg
3904,122,启辰T70X,11.68-13.38万,cxLogo\3904.jpg
4115,122,启辰T90,10.98-15.48万,cxLogo\4115.jpg
4315,122,启辰M50V,6.58-8.49万,cxLogo\4315.jpg
3475,122,启辰R30,3.99-5.19万,cxLogo\3475.jpg
3114,122,启辰ViWa,暂无,cxLogo\3114.jpg
4490,122,启辰D60,暂无,cxLogo\4490.jpg
3787,122,启辰VOW,暂无,cxLogo\3787.jpg
3820,235,前途K50,暂无,cxLogo\3820.jpg
4401,281,奇点iS6,暂无,cxLogo\4401.jpg
2086,63,玛驰,5.98-8.75万,cxLogo\2086.jpg
522,63,骊威,8.58-11.72万,cxLogo\522.jpg
425,63,骐达,9.99-13.49万,cxLogo\425.jpg
448,63,轩逸,9.98-15.90万,cxLogo\448.jpg
64,63,阳光,7.98-11.28万,cxLogo\64.jpg
3817,63,LANNIA 蓝鸟,10.59-14.39万,cxLogo\3817.jpg
634,63,天籁,17.58-29.88万,cxLogo\634.jpg
3957,63,西玛,23.48-26.78万,cxLogo\3957.jpg
4305,63,劲客,9.98-13.48万,cxLogo\4305.jpg
564,63,逍客,13.98-18.98万,cxLogo\564.jpg
656,63,奇骏,17.98-26.88万,cxLogo\656.jpg
2381,63,楼兰,23.88-37.98万,cxLogo\2381.jpg
355,63,颐达,暂无,cxLogo\355.jpg
63,63,蓝鸟,暂无,cxLogo\63.jpg
475,63,骏逸,暂无,cxLogo\475.jpg
53,63,帕拉丁,16.78-24.78万,cxLogo\53.jpg
2113,63,日产NV200,10.78-12.38万,cxLogo\2113.jpg
4307,63,纳瓦拉,13.98-18.78万,cxLogo\4307.jpg
2466,63,日产D22,13.88-18.88万,cxLogo\2466.jpg
2853,63,日产ZN厢式车,15.18-19.68万,cxLogo\2853.jpg
264,63,途乐,52.00-89.80万,cxLogo\264.jpg
438,63,贵士,46.80-46.80万,cxLogo\438.jpg
702,63,日产370Z,52.50-64.50万,cxLogo\702.jpg
436,63,日产GT-R,162.80-235.00万,cxLogo\436.jpg
2578,63,碧莲,79.80-126.80万,cxLogo\2578.jpg
2656,63,Invitation,暂无,cxLogo\2656.jpg
764,63,Cube,暂无,cxLogo\764.jpg
992,63,Note,暂无,cxLogo\992.jpg
3930,63,Teatro for Dayz,暂无,cxLogo\3930.jpg
2070,63,玛驰(海外),暂无,cxLogo\2070.jpg
3509,63,Pulsar,暂无,cxLogo\3509.jpg
2890,63,Sentra,暂无,cxLogo\2890.jpg
2186,63,Versa,暂无,cxLogo\2186.jpg
894,63,聆风,暂无,cxLogo\894.jpg
3943,63,日产IDS,暂无,cxLogo\3943.jpg
932,63,Altima,暂无,cxLogo\932.jpg
4289,63,Vmotion 2.0,暂无,cxLogo\4289.jpg
751,63,西玛(海外),暂无,cxLogo\751.jpg
2054,63,JUKE,暂无,cxLogo\2054.jpg
2893,63,Terra,暂无,cxLogo\2893.jpg
3641,63,劲客(海外),暂无,cxLogo\3641.jpg
2701,63,Hi-Cross,暂无,cxLogo\2701.jpg
2194,63,Rogue,暂无,cxLogo\2194.jpg
208,63,奇骏(进口),暂无,cxLogo\208.jpg
775,63,逍客(海外),暂无,cxLogo\775.jpg
958,63,楼兰(海外),暂无,cxLogo\958.jpg
2061,63,Pathfinder,暂无,cxLogo\2061.jpg
3274,63,Serena,暂无,cxLogo\3274.jpg
838,63,日产NV200(海外),暂无,cxLogo\838.jpg
3531,63,2020 Vision Gran Turismo,暂无,cxLogo\3531.jpg
3241,63,BladeGlider,暂无,cxLogo\3241.jpg
2266,63,Esflow,暂无,cxLogo\2266.jpg
3914,63,Gripz,暂无,cxLogo\3914.jpg
3255,63,日产IDX,暂无,cxLogo\3255.jpg
2981,63,Frontier,暂无,cxLogo\2981.jpg
2479,63,Titan,暂无,cxLogo\2479.jpg
3534,63,纳瓦拉(海外),暂无,cxLogo\3534.jpg
2549,63,Pivo 3,暂无,cxLogo\2549.jpg
3469,63,蓝鸟・印象,暂无,cxLogo\3469.jpg
205,63,风度,暂无,cxLogo\205.jpg
376,63,风雅,暂无,cxLogo\376.jpg
204,63,CIMA,暂无,cxLogo\204.jpg
2680,63,Silvia,暂无,cxLogo\2680.jpg
316,63,日产350Z,暂无,cxLogo\316.jpg
2779,19,荣威e50,18.89-18.89万,cxLogo\2779.jpg
2062,19,荣威350,7.87-14.07万,cxLogo\2062.jpg
3857,19,荣威360,7.59-12.99万,cxLogo\3857.jpg
537,19,荣威550,9.98-18.28万,cxLogo\537.jpg
3978,19,荣威e550,23.98-23.98万,cxLogo\3978.jpg
4263,19,荣威ei6,20.18-22.28万,cxLogo\4263.jpg
4246,19,荣威i6,8.98-14.38万,cxLogo\4246.jpg
2743,19,荣威950,16.88-28.98万,cxLogo\2743.jpg
3977,19,荣威e950,25.59-30.88万,cxLogo\3977.jpg
4080,19,荣威RX5,9.98-18.68万,cxLogo\4080.jpg
4240,19,荣威RX5新能源,26.59-29.68万,cxLogo\4240.jpg
2297,19,荣威W5,14.28-22.18万,cxLogo\2297.jpg
4399,19,Vision-E,暂无,cxLogo\4399.jpg
3956,19,Vision-R,暂无,cxLogo\3956.jpg
482,19,荣威750,暂无,cxLogo\482.jpg
2970,174,如虎 CTR 3,550.00-550.00万,cxLogo\2970.jpg
804,103,瑞麒M1,暂无,cxLogo\804.jpg
2507,103,瑞麒G2,暂无,cxLogo\2507.jpg
853,103,瑞麒M5,暂无,cxLogo\853.jpg
2109,103,瑞麒G3,暂无,cxLogo\2109.jpg
797,103,瑞麒G5,暂无,cxLogo\797.jpg
791,103,瑞麒G6,暂无,cxLogo\791.jpg
3860,239,Beast,暂无,cxLogo\3860.jpg
4037,252,Concept One,暂无,cxLogo\4037.jpg
3684,193,Budii,暂无,cxLogo\3684.jpg
3986,193,Etos,暂无,cxLogo\3986.jpg
25,68,欧蓝德经典,暂无,cxLogo\25.jpg
24,68,帕杰罗速跑,暂无,cxLogo\24.jpg
873,68,翼神,9.58-13.98万,cxLogo\873.jpg
483,68,三菱戈蓝,14.98-19.98万,cxLogo\483.jpg
3131,68,风迪思,暂无,cxLogo\3131.jpg
458,68,蓝瑟,暂无,cxLogo\458.jpg
668,68,君阁,暂无,cxLogo\668.jpg
128,68,菱绅,暂无,cxLogo\128.jpg
2768,68,劲炫ASX,11.48-14.98万,cxLogo\2768.jpg
4147,68,欧蓝德,15.98-22.38万,cxLogo\4147.jpg
3008,68,帕杰罗・劲畅,20.88-30.88万,cxLogo\3008.jpg
377,68,帕杰罗,暂无,cxLogo\377.jpg
580,68,帕杰罗(进口),36.98-42.98万,cxLogo\580.jpg
2332,68,帕杰罗・劲畅(进口),36.80-39.80万,cxLogo\2332.jpg
3219,68,eK Space,暂无,cxLogo\3219.jpg
2588,68,Mirage,暂无,cxLogo\2588.jpg
3021,68,三菱CA-MiEV,暂无,cxLogo\3021.jpg
652,68,三菱i,暂无,cxLogo\652.jpg
369,68,LANCER,暂无,cxLogo\369.jpg
3348,68,Mirage G4,暂无,cxLogo\3348.jpg
3070,68,三菱G4,暂无,cxLogo\3070.jpg
3932,68,三菱eX,暂无,cxLogo\3932.jpg
1018,68,ASX劲炫(进口),暂无,cxLogo\1018.jpg
4308,68,Eclipse Cross,暂无,cxLogo\4308.jpg
486,68,欧蓝德(进口),暂无,cxLogo\486.jpg
4203,68,三菱GT-PHEV,暂无,cxLogo\4203.jpg
3253,68,三菱XR-PHEV,暂无,cxLogo\3253.jpg
3252,68,三菱GC-PHEV,暂无,cxLogo\3252.jpg
3022,68,三菱GR-HEV,暂无,cxLogo\3022.jpg
3525,68,三菱L200,暂无,cxLogo\3525.jpg
760,68,Colt,暂无,cxLogo\760.jpg
933,68,三菱PX-MiEV,暂无,cxLogo\933.jpg
325,68,格蓝迪,暂无,cxLogo\325.jpg
651,68,伊柯丽斯,暂无,cxLogo\651.jpg
382,67,晶锐,6.99-10.99万,cxLogo\382.jpg
519,67,明锐,11.99-17.99万,cxLogo\519.jpg
3290,67,昕动,6.99-11.99万,cxLogo\3290.jpg
2962,67,昕锐,7.99-11.69万,cxLogo\2962.jpg
3171,67,速派,16.98-27.28万,cxLogo\3171.jpg
3013,67,Yeti,12.98-20.98万,cxLogo\3013.jpg
4217,67,柯迪亚克,18.98-26.98万,cxLogo\4217.jpg
772,67,昊锐,暂无,cxLogo\772.jpg
356,67,明锐(进口),19.92-23.78万,cxLogo\356.jpg
3269,67,速尊,29.98-33.48万,cxLogo\3269.jpg
2463,67,Citigo,暂无,cxLogo\2463.jpg
795,67,晶锐(海外),暂无,cxLogo\795.jpg
2421,67,MissionL,暂无,cxLogo\2421.jpg
3369,67,VisionC,暂无,cxLogo\3369.jpg
2286,67,VisionD,暂无,cxLogo\2286.jpg
3270,67,昕动(海外),暂无,cxLogo\3270.jpg
2843,67,昕锐(海外),暂无,cxLogo\2843.jpg
357,67,Superb,暂无,cxLogo\357.jpg
858,67,Yeti(进口),暂无,cxLogo\858.jpg
4451,67,KAROQ(海外),暂无,cxLogo\4451.jpg
4021,67,VisionS,暂无,cxLogo\4021.jpg
4389,67,VISION E,暂无,cxLogo\4389.jpg
4129,67,柯迪亚克(海外),暂无,cxLogo\4129.jpg
3452,67,CitiJet,暂无,cxLogo\3452.jpg
2003,67,Roomster,暂无,cxLogo\2003.jpg
4120,155,上汽大通D90,15.67-26.38万,cxLogo\4120.jpg
3064,155,上汽大通G10,13.38-26.98万,cxLogo\3064.jpg
2608,155,上汽大通V80,12.98-49.90万,cxLogo\2608.jpg
4241,155,上汽大通T60,9.18-19.98万,cxLogo\4241.jpg
3192,155,伊思坦纳,暂无,cxLogo\3192.jpg
287,65,力狮,21.98-29.28万,cxLogo\287.jpg
2417,65,斯巴鲁XV,18.98-22.98万,cxLogo\2417.jpg
285,65,森林人,23.98-33.48万,cxLogo\285.jpg
286,65,傲虎,28.98-35.98万,cxLogo\286.jpg
2557,65,斯巴鲁BRZ,26.90-28.78万,cxLogo\2557.jpg
3251,65,CROSS SPORT,暂无,cxLogo\3251.jpg
3263,65,斯巴鲁WRX,暂无,cxLogo\3263.jpg
283,65,翼豹,暂无,cxLogo\283.jpg
3250,65,LEVORG,暂无,cxLogo\3250.jpg
3023,65,Viziv,暂无,cxLogo\3023.jpg
3261,65,Crossover 7,暂无,cxLogo\3261.jpg
4257,65,VIZIV-7,暂无,cxLogo\4257.jpg
948,65,Exiga,暂无,cxLogo\948.jpg
2283,65,Trezia,暂无,cxLogo\2283.jpg
941,65,Hybrid,暂无,cxLogo\941.jpg
414,65,驰鹏,暂无,cxLogo\414.jpg
141,69,主席,41.80-69.80万,cxLogo\141.jpg
3406,69,蒂维拉,12.98-18.98万,cxLogo\3406.jpg
2214,69,柯兰多,13.98-24.98万,cxLogo\2214.jpg
455,69,爱腾,15.48-21.98万,cxLogo\455.jpg
3372,69,途凌,13.98-23.98万,cxLogo\3372.jpg
3132,69,雷斯特W,24.98-32.98万,cxLogo\3132.jpg
485,69,享御,21.98-25.98万,cxLogo\485.jpg
516,69,路帝,21.98-26.98万,cxLogo\516.jpg
3908,69,双龙XLV-Air,暂无,cxLogo\3908.jpg
4030,69,双龙SIV-2,暂无,cxLogo\4030.jpg
3907,69,双龙XAV-Adventure,暂无,cxLogo\3907.jpg
139,69,雷斯特,暂无,cxLogo\139.jpg
4201,69,双龙LIV-2,暂无,cxLogo\4201.jpg
4357,69,双龙XAVL,暂无,cxLogo\4357.jpg
2437,69,双龙XIV-1,暂无,cxLogo\2437.jpg
2699,69,双龙XIV-2,暂无,cxLogo\2699.jpg
3609,69,双龙XIV-Adventure,暂无,cxLogo\3609.jpg
3608,69,双龙XIV-Air,暂无,cxLogo\3608.jpg
3029,69,双龙SIV-1,暂无,cxLogo\3029.jpg
620,45,smart fortwo,12.50-20.60万,cxLogo\620.jpg
1004,45,smart forfour,13.50-18.60万,cxLogo\1004.jpg
2958,45,smart forjeremy,暂无,cxLogo\2958.jpg
2898,45,smart forstars,暂无,cxLogo\2898.jpg
4326,45,smart fortwo新能源,暂无,cxLogo\4326.jpg
3205,45,smart fourjoy,暂无,cxLogo\3205.jpg
2638,45,smart for-us,暂无,cxLogo\2638.jpg
2273,45,smart forspeed,暂无,cxLogo\2273.jpg
2436,45,smart forvision,暂无,cxLogo\2436.jpg
2750,45,smart roadster,暂无,cxLogo\2750.jpg
3486,205,赛麟野马,57.80-165.60万,cxLogo\3486.jpg
3468,205,赛麟S7,暂无,cxLogo\3468.jpg
2751,162,思铭,9.99-11.69万,cxLogo\2751.jpg
4336,269,SWM斯威X3,5.99-8.29万,cxLogo\4336.jpg
4151,269,SWM斯威X7,8.59-11.39万,cxLogo\4151.jpg
3769,137,Scion iA,暂无,cxLogo\3769.jpg
2382,137,Scion xB,暂无,cxLogo\2382.jpg
3660,137,Scion iM,暂无,cxLogo\3660.jpg
2590,137,Scion FR-S,暂无,cxLogo\2590.jpg
2383,137,Scion tC,暂无,cxLogo\2383.jpg
2254,127,Spirra思派朗,暂无,cxLogo\2254.jpg
2398,138,Tuatara,暂无,cxLogo\2398.jpg
343,64,Saab 9-3,暂无,cxLogo\343.jpg
211,64,Saab 9-5,暂无,cxLogo\211.jpg
2067,64,Saab 9-4X,暂无,cxLogo\2067.jpg
867,64,Saab 9-7,暂无,cxLogo\867.jpg
2982,178,上海SH760,暂无,cxLogo\2982.jpg
599,66,世爵C8,暂无,cxLogo\599.jpg
3025,66,世爵B6,暂无,cxLogo\3025.jpg
506,90,小贵族,暂无,cxLogo\506.jpg
13,90,来宝SRV,暂无,cxLogo\13.jpg
345,90,双环SCEO,暂无,cxLogo\345.jpg
4078,133,MODEL 3,暂无,cxLogo\4078.jpg
2357,133,MODEL S,72.35-139.98万,cxLogo\2357.jpg
2664,133,MODEL X,87.39-150.27万,cxLogo\2664.jpg
2356,133,Roadster,暂无,cxLogo\2356.jpg
2805,161,腾势,36.98-43.28万,cxLogo\2805.jpg
4058,255,GT96 TREV,暂无,cxLogo\4058.jpg
4006,249,Force 1,暂无,cxLogo\4006.jpg
463,70,沃尔沃S40,暂无,cxLogo\463.jpg
693,70,沃尔沃S80L,暂无,cxLogo\693.jpg
3158,70,沃尔沃S60L,26.69-39.09万,cxLogo\3158.jpg
4335,70,沃尔沃S60L新能源,50.59-55.99万,cxLogo\4335.jpg
4206,70,沃尔沃S90,36.98-55.18万,cxLogo\4206.jpg
3411,70,沃尔沃XC60,35.89-43.99万,cxLogo\3411.jpg
3420,70,XC Classic,暂无,cxLogo\3420.jpg
2678,70,沃尔沃V40,22.39-30.99万,cxLogo\2678.jpg
404,70,沃尔沃S60,39.29-60.69万,cxLogo\404.jpg
2190,70,沃尔沃V60,30.99-63.69万,cxLogo\2190.jpg
4029,70,沃尔沃V90,47.98-57.88万,cxLogo\4029.jpg
177,70,沃尔沃XC90,68.80-93.78万,cxLogo\177.jpg
4337,70,沃尔沃XC90新能源,99.80-135.80万,cxLogo\4337.jpg
3396,70,Estate,暂无,cxLogo\3396.jpg
747,70,沃尔沃V50,暂无,cxLogo\747.jpg
175,70,沃尔沃S80,暂无,cxLogo\175.jpg
3861,70,沃尔沃S90(进口),暂无,cxLogo\3861.jpg
743,70,沃尔沃V70,暂无,cxLogo\743.jpg
2426,70,沃尔沃You,暂无,cxLogo\2426.jpg
585,70,沃尔沃XC60(进口),暂无,cxLogo\585.jpg
405,70,沃尔沃XC70,暂无,cxLogo\405.jpg
3314,70,XC Coupe,暂无,cxLogo\3314.jpg
3196,70,沃尔沃Coupe,暂无,cxLogo\3196.jpg
494,70,沃尔沃C30,暂无,cxLogo\494.jpg
981,70,沃尔沃S40(进口),暂无,cxLogo\981.jpg
406,70,沃尔沃C70,暂无,cxLogo\406.jpg
4408,114,五菱宏光S3,暂无,cxLogo\4408.jpg
2139,114,五菱宏光,4.18-6.98万,cxLogo\2139.jpg
2451,114,五菱荣光,4.03-7.28万,cxLogo\2451.jpg
3657,114,五菱荣光V,3.88-4.58万,cxLogo\3657.jpg
2456,114,五菱之光,3.08-3.49万,cxLogo\2456.jpg
4270,114,五菱之光V,3.38-3.68万,cxLogo\4270.jpg
2506,114,PN货车,3.66-3.99万,cxLogo\2506.jpg
2855,114,五菱荣光小卡,3.71-4.26万,cxLogo\2855.jpg
3946,114,五菱之光小卡,2.99-3.29万,cxLogo\3946.jpg
3570,114,五菱征程,6.60-7.72万,cxLogo\3570.jpg
4253,283,WEY VV5,15.00-16.30万,cxLogo\4253.jpg
4252,283,WEY VV7,16.78-18.88万,cxLogo\4252.jpg
3576,167,五十铃mu-X,17.88-26.88万,cxLogo\3576.jpg
3562,167,D-MAX,11.40-20.48万,cxLogo\3562.jpg
3935,167,瑞迈,8.48-12.08万,cxLogo\3935.jpg
2834,167,五十铃皮卡,9.28-14.08万,cxLogo\2834.jpg
3571,167,五十铃mu-X(海外),暂无,cxLogo\3571.jpg
3564,167,D-MAX(海外),暂无,cxLogo\3564.jpg
3306,192,英致G3,5.69-8.08万,cxLogo\3306.jpg
3882,192,英致G5,6.98-9.38万,cxLogo\3882.jpg
3969,192,英致727,4.68-4.98万,cxLogo\3969.jpg
3653,192,英致737,5.68-9.98万,cxLogo\3653.jpg
725,99,威兹曼GT,295.00-385.00万,cxLogo\725.jpg
959,99,威兹曼Roadster,暂无,cxLogo\959.jpg
613,102,威麟X5,暂无,cxLogo\613.jpg
909,102,威麟V5,暂无,cxLogo\909.jpg
839,102,威麟V8,暂无,cxLogo\839.jpg
2538,102,威麟H3,暂无,cxLogo\2538.jpg
2539,102,威麟H5,暂无,cxLogo\2539.jpg
4265,284,蔚来EP9,暂无,cxLogo\4265.jpg
4373,284,蔚来EVE,暂无,cxLogo\4373.jpg
4427,284,蔚来ES8,暂无,cxLogo\4427.jpg
3953,233,Fenyr SuperSport,暂无,cxLogo\3953.jpg
4446,291,威马AG2020,暂无,cxLogo\4446.jpg
2858,159,沃克斯豪尔Adam,暂无,cxLogo\2858.jpg
2670,159,沃克斯豪尔Corsa,暂无,cxLogo\2670.jpg
2672,159,Astra,暂无,cxLogo\2672.jpg
2115,12,瑞纳,7.39-10.69万,cxLogo\2115.jpg
3415,12,瑞奕,7.29-9.99万,cxLogo\3415.jpg
4107,12,悦纳,7.28-10.58万,cxLogo\4107.jpg
4222,12,悦纳RV,7.88-10.88万,cxLogo\4222.jpg
586,12,悦动,7.88-12.08万,cxLogo\586.jpg
2764,12,朗动,11.58-12.78万,cxLogo\2764.jpg
3959,12,领动,9.98-15.18万,cxLogo\3959.jpg
51,12,伊兰特,8.98-9.88万,cxLogo\51.jpg
4496,12,伊兰特EV,19.98-20.28万,cxLogo\4496.jpg
3073,12,名图,12.98-16.98万,cxLogo\3073.jpg
3672,12,索纳塔九,16.98-24.98万,cxLogo\3672.jpg
3292,12,北京现代ix25,10.98-18.68万,cxLogo\3292.jpg
358,12,途胜,15.99-23.99万,cxLogo\358.jpg
1007,12,北京现代ix35,14.98-22.28万,cxLogo\1007.jpg
2927,12,全新胜达,22.48-28.98万,cxLogo\2927.jpg
431,12,雅绅特,暂无,cxLogo\431.jpg
814,12,北京现代i30,暂无,cxLogo\814.jpg
690,12,领翔,暂无,cxLogo\690.jpg
866,12,名驭,暂无,cxLogo\866.jpg
2649,12,索纳塔,暂无,cxLogo\2649.jpg
50,12,索纳塔八,暂无,cxLogo\50.jpg
429,12,御翔,暂无,cxLogo\429.jpg
3613,12,康恩迪,39.60-49.80万,cxLogo\3613.jpg
2256,12,Veloster飞思,17.28-21.98万,cxLogo\2256.jpg
446,12,雅尊,24.08-33.28万,cxLogo\446.jpg
3453,12,捷恩斯,37.80-64.88万,cxLogo\3453.jpg
255,12,雅科仕,73.80-132.00万,cxLogo\255.jpg
3164,12,格越,25.60-38.78万,cxLogo\3164.jpg
2117,12,H-1辉翼,21.18-24.98万,cxLogo\2117.jpg
995,12,现代i10,暂无,cxLogo\995.jpg
3366,12,Xcent,暂无,cxLogo\3366.jpg
2899,12,现代HB20,暂无,cxLogo\2899.jpg
805,12,现代i20,暂无,cxLogo\805.jpg
2206,12,现代ix20,暂无,cxLogo\2206.jpg
936,12,雅绅特(海外),暂无,cxLogo\936.jpg
2174,12,Avante,暂无,cxLogo\2174.jpg
2698,12,IONIQ,暂无,cxLogo\2698.jpg
710,12,现代i30(海外),暂无,cxLogo\710.jpg
712,12,伊兰特(海外),暂无,cxLogo\712.jpg
1017,12,索纳塔(进口),暂无,cxLogo\1017.jpg
2272,12,现代i40,暂无,cxLogo\2272.jpg
4176,12,Genesis G80,暂无,cxLogo\4176.jpg
3982,12,Genesis G90,暂无,cxLogo\3982.jpg
3310,12,Intrado,暂无,cxLogo\3310.jpg
975,12,途胜(进口),暂无,cxLogo\975.jpg
971,12,现代ix35(海外),暂无,cxLogo\971.jpg
2984,12,全新胜达(进口),暂无,cxLogo\2984.jpg
127,12,新胜达(进口),暂无,cxLogo\127.jpg
3045,12,现代HND-9,暂无,cxLogo\3045.jpg
3711,12,Santa Cruz,暂无,cxLogo\3711.jpg
131,12,君爵,暂无,cxLogo\131.jpg
594,12,劳恩斯,暂无,cxLogo\594.jpg
510,12,维拉克斯,暂无,cxLogo\510.jpg
457,12,美佳,暂无,cxLogo\457.jpg
252,12,酷派,暂无,cxLogo\252.jpg
756,12,劳恩斯-酷派,暂无,cxLogo\756.jpg
163,71,赛欧,6.29-7.99万,cxLogo\163.jpg
3923,71,乐风RV,7.49-9.99万,cxLogo\3923.jpg
657,71,科鲁兹,10.99-16.99万,cxLogo\657.jpg
4105,71,科沃兹,7.99-10.99万,cxLogo\4105.jpg
2313,71,迈锐宝,16.49-18.99万,cxLogo\2313.jpg
4031,71,迈锐宝XL,17.99-26.99万,cxLogo\4031.jpg
3335,71,创酷,9.99-14.99万,cxLogo\3335.jpg
2583,71,科帕奇,17.99-20.99万,cxLogo\2583.jpg
4235,71,探界者,17.49-25.09万,cxLogo\4235.jpg
2348,71,爱唯欧,暂无,cxLogo\2348.jpg
420,71,乐骋,暂无,cxLogo\420.jpg
439,71,乐风,暂无,cxLogo\439.jpg
397,71,景程,暂无,cxLogo\397.jpg
678,71,科迈罗,39.99-39.99万,cxLogo\678.jpg
2362,71,库罗德,54.99-59.99万,cxLogo\2362.jpg
2405,71,索罗德,59.90-69.90万,cxLogo\2405.jpg
808,71,斯帕可,暂无,cxLogo\808.jpg
3710,71,Bolt,暂无,cxLogo\3710.jpg
2919,71,Onix,暂无,cxLogo\2919.jpg
2255,71,Sonic,暂无,cxLogo\2255.jpg
2037,71,爱唯欧(海外),暂无,cxLogo\2037.jpg
1014,71,科鲁兹(海外),暂无,cxLogo\1014.jpg
682,71,沃蓝达,暂无,cxLogo\682.jpg
2747,71,Impala,暂无,cxLogo\2747.jpg
722,71,迈锐宝(海外),暂无,cxLogo\722.jpg
3011,71,雪佛兰SS,暂无,cxLogo\3011.jpg
3583,71,Niva,暂无,cxLogo\3583.jpg
2869,71,创酷(海外),暂无,cxLogo\2869.jpg
546,71,科帕奇(进口),暂无,cxLogo\546.jpg
868,71,探界者(海外),暂无,cxLogo\868.jpg
2553,71,雪佛兰TrailBlazer,暂无,cxLogo\2553.jpg
766,71,Traverse,暂无,cxLogo\766.jpg
3213,71,Suburban,暂无,cxLogo\3213.jpg
2854,71,Tahoe,暂无,cxLogo\2854.jpg
4384,71,CHEVROLET FNR-X,暂无,cxLogo\4384.jpg
2639,71,Code,暂无,cxLogo\2639.jpg
387,71,科尔维特,暂无,cxLogo\387.jpg
2640,71,雪佛兰Tru,暂无,cxLogo\2640.jpg
761,71,Orlando,暂无,cxLogo\761.jpg
4370,72,天逸 C5 AIRCROSS,暂无,cxLogo\4370.jpg
2945,72,雪铁龙C4L,13.49-18.29万,cxLogo\2945.jpg
639,72,世嘉,9.58-10.38万,cxLogo\639.jpg
98,72,爱丽舍,8.38-10.48万,cxLogo\98.jpg
3873,72,C4世嘉,9.88-16.48万,cxLogo\3873.jpg
792,72,雪铁龙C5,16.99-23.69万,cxLogo\792.jpg
4043,72,雪铁龙C6,18.99-27.99万,cxLogo\4043.jpg
3429,72,雪铁龙C3-XR,10.88-17.18万,cxLogo\3429.jpg
476,72,雪铁龙C2,暂无,cxLogo\476.jpg
293,72,富康,暂无,cxLogo\293.jpg
388,72,凯旋,暂无,cxLogo\388.jpg
230,72,赛纳,暂无,cxLogo\230.jpg
232,72,毕加索,暂无,cxLogo\232.jpg
2473,72,雪铁龙C4 Aircross,19.98-27.98万,cxLogo\2473.jpg
473,72,C4 PICASSO,21.68-26.58万,cxLogo\473.jpg
2208,72,C-Zero,暂无,cxLogo\2208.jpg
2053,72,雪铁龙C1,暂无,cxLogo\2053.jpg
664,72,C3毕加索,暂无,cxLogo\664.jpg
4042,72,E-MEHARI,暂无,cxLogo\4042.jpg
329,72,雪铁龙C3,暂无,cxLogo\329.jpg
2844,72,爱丽舍(海外),暂无,cxLogo\2844.jpg
480,72,雪铁龙C4,暂无,cxLogo\480.jpg
2909,72,雪铁龙C4L(海外),暂无,cxLogo\2909.jpg
212,72,雪铁龙C5(进口),暂无,cxLogo\212.jpg
4189,72,CXPERIENCE,暂无,cxLogo\4189.jpg
3646,72,AirCross,暂无,cxLogo\3646.jpg
4301,72,雪铁龙C3 AIRCROSS,暂无,cxLogo\4301.jpg
3206,72,雪铁龙C4 Cactus,暂无,cxLogo\3206.jpg
809,72,Berlingo,暂无,cxLogo\809.jpg
3010,72,Technospace,暂无,cxLogo\3010.jpg
2413,72,Tubik,暂无,cxLogo\2413.jpg
2753,72,Numero 9,暂无,cxLogo\2753.jpg
3976,72,SPACETOURER,暂无,cxLogo\3976.jpg
2209,72,Lacoste,暂无,cxLogo\2209.jpg
440,72,雪铁龙C6(进口),暂无,cxLogo\440.jpg
950,72,C-Crosser,暂无,cxLogo\950.jpg
2072,72,Survolt,暂无,cxLogo\2072.jpg
2031,72,雪铁龙GT,暂无,cxLogo\2031.jpg
2474,98,西雅特Mii,暂无,cxLogo\2474.jpg
714,98,伊比飒,暂无,cxLogo\714.jpg
718,98,LEON,暂无,cxLogo\718.jpg
2684,98,Toledo,暂无,cxLogo\2684.jpg
2422,98,西雅特IBL,暂无,cxLogo\2422.jpg
4028,98,Ateca,暂无,cxLogo\4028.jpg
2280,98,西雅特IBX,暂无,cxLogo\2280.jpg
3740,98,西雅特20V20,暂无,cxLogo\3740.jpg
2105,98,欧悦搏,暂无,cxLogo\2105.jpg
2069,98,西雅特IBE,暂无,cxLogo\2069.jpg
4202,275,小鹏汽车BETA版,暂无,cxLogo\4202.jpg
3553,73,英菲尼迪Q50L,27.98-40.98万,cxLogo\3553.jpg
3591,73,英菲尼迪QX50,34.98-44.98万,cxLogo\3591.jpg
2992,73,英菲尼迪Q50,38.98-54.98万,cxLogo\2992.jpg
3097,73,英菲尼迪Q70,39.98-64.98万,cxLogo\3097.jpg
3535,73,英菲尼迪ESQ,18.98-24.98万,cxLogo\3535.jpg
3652,73,英菲尼迪QX30,24.98-38.98万,cxLogo\3652.jpg
3043,73,英菲尼迪QX60,51.80-61.80万,cxLogo\3043.jpg
3099,73,英菲尼迪QX70,77.80-80.80万,cxLogo\3099.jpg
3100,73,英菲尼迪QX80,119.80-119.80万,cxLogo\3100.jpg
3201,73,英菲尼迪Q60,43.68-45.68万,cxLogo\3201.jpg
2270,73,Etherea,暂无,cxLogo\2270.jpg
3176,73,英菲尼迪Q30,暂无,cxLogo\3176.jpg
2749,73,英菲尼迪LE,暂无,cxLogo\2749.jpg
3617,73,英菲尼迪Q80,暂无,cxLogo\3617.jpg
4091,73,QX Sport Inspiration,暂无,cxLogo\4091.jpg
3098,73,英菲尼迪QX50(进口),暂无,cxLogo\3098.jpg
2679,73,Emerg-E,暂无,cxLogo\2679.jpg
4514,73,Prototype 9,暂无,cxLogo\4514.jpg
3690,73,英菲尼迪GranTurismo,暂无,cxLogo\3690.jpg
383,73,英菲尼迪G系,暂无,cxLogo\383.jpg
581,73,英菲尼迪M系,暂无,cxLogo\581.jpg
605,73,英菲尼迪EX,暂无,cxLogo\605.jpg
122,73,英菲尼迪FX,暂无,cxLogo\122.jpg
2400,73,英菲尼迪JX,暂无,cxLogo\2400.jpg
416,73,英菲尼迪QX,暂无,cxLogo\416.jpg
783,73,Essence,暂无,cxLogo\783.jpg
3202,73,英菲尼迪Q60S,暂无,cxLogo\3202.jpg
2716,110,威志V5,5.29-6.59万,cxLogo\2716.jpg
878,110,夏利N5,3.69-4.89万,cxLogo\878.jpg
2781,110,夏利N7,4.89-5.29万,cxLogo\2781.jpg
3979,110,骏派A70,6.48-8.78万,cxLogo\3979.jpg
3081,110,骏派D60,5.69-8.99万,cxLogo\3081.jpg
4404,110,骏派A50,暂无,cxLogo\4404.jpg
4415,110,骏派A70E,暂无,cxLogo\4415.jpg
4405,110,骏派CX65,暂无,cxLogo\4405.jpg
106,110,威乐,暂无,cxLogo\106.jpg
444,110,威志,暂无,cxLogo\444.jpg
879,110,威志V2,暂无,cxLogo\879.jpg
104,110,威姿,暂无,cxLogo\104.jpg
101,110,夏利,暂无,cxLogo\101.jpg
2159,110,一汽TFC,暂无,cxLogo\2159.jpg
3824,110,森雅R7,6.69-9.99万,cxLogo\3824.jpg
2469,110,佳宝V52,2.72-2.92万,cxLogo\2469.jpg
3775,110,佳宝V75,2.89-3.09万,cxLogo\3775.jpg
3776,110,佳宝V77,3.09-3.59万,cxLogo\3776.jpg
3052,110,佳宝V80,4.09-5.39万,cxLogo\3052.jpg
2526,110,佳宝T50,3.29-3.45万,cxLogo\2526.jpg
2525,110,佳宝T51,2.55-2.55万,cxLogo\2525.jpg
2465,110,佳宝T57,2.99-3.09万,cxLogo\2465.jpg
3459,110,解放T80,3.49-3.79万,cxLogo\3459.jpg
2131,110,森雅S80,暂无,cxLogo\2131.jpg
913,110,森雅M80,暂无,cxLogo\913.jpg
2464,110,佳宝V70,暂无,cxLogo\2464.jpg
2870,110,佳宝V70 II代,暂无,cxLogo\2870.jpg
2603,110,坤程,6.38-6.58万,cxLogo\2603.jpg
3777,263,驭胜S330,8.88-14.08万,cxLogo\3777.jpg
2228,263,驭胜S350,12.28-15.98万,cxLogo\2228.jpg
2888,111,野马T70,6.66-12.18万,cxLogo\2888.jpg
3765,111,野马T80,8.98-13.98万,cxLogo\3765.jpg
3906,111,野马U能E350,23.98-24.98万,cxLogo\3906.jpg
4510,111,野马EC30,12.88-12.88万,cxLogo\4510.jpg
4425,111,斯派卡,暂无,cxLogo\4425.jpg
2889,111,野马A-MPV,暂无,cxLogo\2889.jpg
3003,111,野马M302,暂无,cxLogo\3003.jpg
2887,111,野马M31D,暂无,cxLogo\2887.jpg
2378,111,野马F10,暂无,cxLogo\2378.jpg
2445,111,野马F12,暂无,cxLogo\2445.jpg
2440,111,野马F16,暂无,cxLogo\2440.jpg
939,111,野马F99,暂无,cxLogo\939.jpg
2533,144,依维柯Power Daily,13.99-31.59万,cxLogo\2533.jpg
2532,144,依维柯得意,11.99-18.99万,cxLogo\2532.jpg
2531,144,都灵,暂无,cxLogo\2531.jpg
3619,144,Iveco VISION,暂无,cxLogo\3619.jpg
2828,93,永源五星,3.78-4.28万,cxLogo\2828.jpg
3087,93,猎鹰,暂无,cxLogo\3087.jpg
424,93,永源A380,暂无,cxLogo\424.jpg
3880,243,游侠 X,暂无,cxLogo\3880.jpg
4320,286,云度π1,暂无,cxLogo\4320.jpg
4321,286,云度π3,暂无,cxLogo\4321.jpg
3575,94,云100,15.89-16.99万,cxLogo\3575.jpg
3779,94,芝麻,11.98-11.98万,cxLogo\3779.jpg
3529,94,众泰E200,18.18-18.18万,cxLogo\3529.jpg
4371,94,众泰Z360,5.88-7.88万,cxLogo\4371.jpg
4317,94,众泰Z560,7.58-11.48万,cxLogo\4317.jpg
3627,94,众泰Z700,9.98-15.88万,cxLogo\3627.jpg
2333,94,众泰T300,5.68-9.38万,cxLogo\2333.jpg
3793,94,大迈X5,6.99-12.19万,cxLogo\3793.jpg
3899,94,众泰SR7,6.68-36.67万,cxLogo\3899.jpg
4092,94,大迈X7,8.99-16.19万,cxLogo\4092.jpg
4070,94,众泰SR9,10.88-16.98万,cxLogo\4070.jpg
2334,94,众泰T600,7.98-14.98万,cxLogo\2334.jpg
4385,94,众泰T600 Coupe,8.68-14.68万,cxLogo\4385.jpg
3852,94,众泰T700,10.68-15.58万,cxLogo\3852.jpg
2480,94,众泰V10,3.78-5.08万,cxLogo\2480.jpg
3447,94,众泰E20,暂无,cxLogo\3447.jpg
4417,94,众泰T500,暂无,cxLogo\4417.jpg
708,94,众泰M300,暂无,cxLogo\708.jpg
2230,94,江南TT,暂无,cxLogo\2230.jpg
3002,94,众泰Z100,暂无,cxLogo\3002.jpg
2161,94,众泰Z200,暂无,cxLogo\2161.jpg
2171,94,众泰Z200HB,暂无,cxLogo\2171.jpg
2337,94,众泰Z300,暂无,cxLogo\2337.jpg
3425,94,众泰Z500,暂无,cxLogo\3425.jpg
558,94,众泰2008,暂无,cxLogo\558.jpg
663,94,众泰5008,暂无,cxLogo\663.jpg
2336,94,众泰T200,暂无,cxLogo\2336.jpg
3289,22,中华豚,3.98-4.58万,cxLogo\3289.jpg
2999,22,中华H220,5.48-6.78万,cxLogo\2999.jpg
2770,22,中华H230,5.58-6.88万,cxLogo\2770.jpg
3878,22,中华H3,6.39-8.89万,cxLogo\3878.jpg
2998,22,中华H330,6.58-7.58万,cxLogo\2998.jpg
2323,22,中华H530,8.58-9.58万,cxLogo\2323.jpg
3530,22,中华V3,6.57-10.27万,cxLogo\3530.jpg
2294,22,中华V5,8.98-14.58万,cxLogo\2294.jpg
3095,22,中华C3,暂无,cxLogo\3095.jpg
2857,22,中华H320,暂无,cxLogo\2857.jpg
860,22,中华骏捷Cross,暂无,cxLogo\860.jpg
523,22,中华骏捷FRV,暂无,cxLogo\523.jpg
825,22,中华骏捷FSV,暂无,cxLogo\825.jpg
411,22,中华骏捷,暂无,cxLogo\411.jpg
130,22,中华尊驰,暂无,cxLogo\130.jpg
490,22,中华酷宝,暂无,cxLogo\490.jpg
2658,74,中兴C3,5.88-5.88万,cxLogo\2658.jpg
3644,74,中兴GX3,6.38-6.98万,cxLogo\3644.jpg
4178,74,领主,8.98-16.18万,cxLogo\4178.jpg
2519,74,威虎,7.38-11.98万,cxLogo\2519.jpg
3881,74,小老虎,6.38-6.78万,cxLogo\3881.jpg
627,74,无限V3,暂无,cxLogo\627.jpg
2081,74,无限V5,暂无,cxLogo\2081.jpg
2143,74,无限V7,暂无,cxLogo\2143.jpg
2522,74,昌铃,暂无,cxLogo\2522.jpg
2613,74,旗舰A9,暂无,cxLogo\2613.jpg
3215,74,威虎G3,暂无,cxLogo\3215.jpg
3706,206,知豆D1,15.88-15.88万,cxLogo\3706.jpg
3827,206,知豆D2,15.18-18.88万,cxLogo\3827.jpg
3497,206,知豆,暂无,cxLogo\3497.jpg
3237,182,之诺1E,暂无,cxLogo\3237.jpg
4146,182,之诺60H,34.90-34.90万,cxLogo\4146.jpg
2602,153,Zenvo,暂无,cxLogo\2602.jpg
4440,290,正道H600,暂无,cxLogo\4440.jpg
